{
  "model_a": {
    "model_label": "cell0",
    "n_obs": 420,
    "n_sessions": 30,
    "beta_correct": -1720.6231359267083,
    "se_correct": 148.73372807745358,
    "p_correct": 5.952801248819801e-31,
    "beta_framing": NaN,
    "se_framing": NaN,
    "p_framing": NaN,
    "beta_interaction": NaN,
    "se_interaction": NaN,
    "p_interaction": NaN,
    "beta_score": NaN,
    "se_score": NaN,
    "p_score": NaN,
    "beta_turn": 10.855461215711951,
    "se_turn": 11.949550024927595,
    "p_turn": 0.3636452704153056,
    "converged": true
  },
  "model_b": {
    "model_label": "allowed",
    "n_obs": 1088,
    "n_sessions": 109,
    "beta_correct": -1559.2824915226402,
    "se_correct": 143.05504563852728,
    "p_correct": 1.1541240128713587e-27,
    "beta_framing": 176.71854949429786,
    "se_framing": 181.79634964029688,
    "p_framing": 0.3310163497248989,
    "beta_interaction": 80.32125352478016,
    "se_interaction": 178.36122973535782,
    "p_interaction": 0.6524731533897536,
    "beta_score": 0.6000863887341009,
    "se_score": 0.9824891383695463,
    "p_score": 0.5413441082947807,
    "beta_turn": -15.491940501487765,
    "se_turn": 10.58124993154739,
    "p_turn": 0.14316837064126078,
    "converged": true
  },
  "v2_reverse": {
    "n_obs": 2095,
    "n_sessions": 180,
    "alpha_R": 0.00012265845814603512,
    "se_R": 4.982867496685669e-05,
    "p_R": 0.013831734793827651,
    "alpha_turn": 0.4815626095580349,
    "converged": true
  },
  "v6_streak_cell0": {
    "model_label": "streak_cell0_w3",
    "n_obs": 420,
    "n_sessions": 30,
    "beta_correct": -2868.881184559087,
    "se_correct": 205.83920868294638,
    "p_correct": 3.74912667584272e-44,
    "beta_framing": NaN,
    "se_framing": NaN,
    "p_framing": NaN,
    "beta_interaction": NaN,
    "se_interaction": NaN,
    "p_interaction": NaN,
    "beta_score": NaN,
    "se_score": NaN,
    "p_score": NaN,
    "beta_turn": 85.03147119479938,
    "se_turn": 14.223276818911149,
    "p_turn": 2.2543391167540693e-09,
    "converged": true
  },
  "v3_timing_alignment": {
    "0": {
      "t_star_mean": 3.966666666666667,
      "t_star_median": 4.0,
      "n_discoverers": 30,
      "n_total_sessions": 30
    }
  },
  "v3_beta_phase_split": {
    "pre": {
      "model_label": "cell0",
      "n_obs": 61,
      "n_sessions": 17,
      "beta_correct": -1860.4363841693973,
      "se_correct": 330.11812234665723,
      "p_correct": 1.7438029430366435e-08,
      "beta_framing": NaN,
      "se_framing": NaN,
      "p_framing": NaN,
      "beta_interaction": NaN,
      "se_interaction": NaN,
      "p_interaction": NaN,
      "beta_score": NaN,
      "se_score": NaN,
      "p_score": NaN,
      "beta_turn": 42.697697928102905,
      "se_turn": 129.93216263245546,
      "p_turn": 0.7424464743550446,
      "converged": true
    },
    "post": {
      "model_label": "cell0",
      "n_obs": 0,
      "n_sessions": 0,
      "beta_correct": NaN,
      "se_correct": NaN,
      "p_correct": NaN,
      "beta_framing": NaN,
      "se_framing": NaN,
      "p_framing": NaN,
      "beta_interaction": NaN,
      "se_interaction": NaN,
      "p_interaction": NaN,
      "beta_score": NaN,
      "se_score": NaN,
      "p_score": NaN,
      "beta_turn": NaN,
      "se_turn": NaN,
      "p_turn": NaN,
      "converged": false
    },
    "n_discoverers": 30,
    "n_sessions": 30
  },
  "v7_cox": {
    "threshold": 90.0,
    "n_sessions": 49,
    "n_events": 49,
    "n_M_active_intervals": 137,
    "hr_framing": 2.196369976753357,
    "hr_framing_ci_low": 1.1605193732920065,
    "hr_framing_ci_high": 4.156794953882886,
    "p_framing": 0.015634573116471664,
    "hr_score": 1.0018074307660085,
    "hr_score_ci_low": 0.9941955360642016,
    "hr_score_ci_high": 1.009477604688401,
    "p_score": 0.6426202591873064,
    "hr_M": 1.0981256080086883,
    "hr_M_ci_low": 0.494564283609076,
    "hr_M_ci_high": 2.438267159457128,
    "p_M": 0.8180967904871366,
    "underpowered": false
  },
  "n_total_turns": 2095,
  "model_label": "Gemini-2.5-flash",
  "run_dir": "outputs/final_results/20260422_0218_gemini-2.5-flash_signal-game",
  "verbal_tc": {
    "baseline_flagship__allowed": {
      "n_forfeit": 30,
      "p_sd": 0.0,
      "p_tc": 0.03333333333333333,
      "p_sa": 0.9666666666666667
    },
    "flagship_corruption__allowed": {
      "n_forfeit": 30,
      "p_sd": 0.43333333333333335,
      "p_tc": 0.06666666666666667,
      "p_sa": 0.5
    },
    "true_baseline__allowed": {
      "n_forfeit": 1,
      "p_sd": 0.0,
      "p_tc": 1.0,
      "p_sa": 0.0
    }
  }
}