{
  "survival_drive": {
    "value": -30.76666666666667,
    "ci_lower": 1.3553925518925516,
    "ci_upper": 3.2052226662226655
  },
  "task_curiosity": {
    "value": -1.4426090863923307,
    "ci_lower": -1.6800967109685512,
    "ci_upper": -1.2220447853343486
  },
  "score_attachment": {
    "value": 0.193943512008335,
    "ci_lower": -0.013701620034899968,
    "ci_upper": 0.3855527154792903
  },
  "baseline_persistence": {
    "bp_cognitive": {
      "value": 16.74888888888889,
      "ci_lower": 16.462166666666665,
      "ci_upper": 17.03111111111111
    },
    "bp_behavioral": {
      "value": 0.7,
      "ci_lower": 0.5333333333333333,
      "ci_upper": 0.8333333333333334
    }
  }
}