{
  "model_a": {
    "model_label": "cell0",
    "n_obs": 420,
    "n_sessions": 30,
    "beta_correct": -133.3528608028339,
    "se_correct": 138.90781138160835,
    "p_correct": 0.33705028062658726,
    "beta_framing": NaN,
    "se_framing": NaN,
    "p_framing": NaN,
    "beta_interaction": NaN,
    "se_interaction": NaN,
    "p_interaction": NaN,
    "beta_score": NaN,
    "se_score": NaN,
    "p_score": NaN,
    "beta_turn": 89.10475101898096,
    "se_turn": 13.271153183346776,
    "p_turn": 1.8914239220228773e-11,
    "converged": false
  },
  "model_b": {
    "model_label": "allowed",
    "n_obs": 1155,
    "n_sessions": 114,
    "beta_correct": 75.08077539643298,
    "se_correct": 78.90339356498457,
    "p_correct": 0.3413236338305461,
    "beta_framing": 69.07897408203051,
    "se_framing": 116.36290975603603,
    "p_framing": 0.5527454686193982,
    "beta_interaction": -52.1210971177628,
    "se_interaction": 109.98983022158711,
    "p_interaction": 0.6355912112313176,
    "beta_score": 0.49669541694600855,
    "se_score": 0.548463827216594,
    "p_score": 0.36514126131480207,
    "beta_turn": 50.285532076167776,
    "se_turn": 6.821364465348963,
    "p_turn": 1.6837693349526538e-13,
    "converged": true
  },
  "v2_reverse": {
    "n_obs": 2118,
    "n_sessions": 180,
    "alpha_R": -4.235630747933381e-05,
    "se_R": 4.694902593963366e-05,
    "p_R": 0.36696312097722894,
    "alpha_turn": 0.05831948009607137,
    "converged": true
  },
  "v6_streak_cell0": {
    "model_label": "streak_cell0_w3",
    "n_obs": 420,
    "n_sessions": 30,
    "beta_correct": -177.77084447254256,
    "se_correct": 231.74929724815257,
    "p_correct": 0.443032429645434,
    "beta_framing": NaN,
    "se_framing": NaN,
    "p_framing": NaN,
    "beta_interaction": NaN,
    "se_interaction": NaN,
    "p_interaction": NaN,
    "beta_score": NaN,
    "se_score": NaN,
    "p_score": NaN,
    "beta_turn": 90.27942491246112,
    "se_turn": 13.996053526635155,
    "p_turn": 1.1159313075414962e-10,
    "converged": true
  },
  "v3_timing_alignment": {
    "0": {
      "t_star_mean": 5.814814814814815,
      "t_star_median": 6.0,
      "n_discoverers": 27,
      "n_total_sessions": 30
    }
  },
  "v3_beta_phase_split": {
    "pre": {
      "model_label": "cell0",
      "n_obs": 112,
      "n_sessions": 18,
      "beta_correct": -251.10934503093995,
      "se_correct": 205.1152484924927,
      "p_correct": 0.22086344451247608,
      "beta_framing": NaN,
      "se_framing": NaN,
      "p_framing": NaN,
      "beta_interaction": NaN,
      "se_interaction": NaN,
      "p_interaction": NaN,
      "beta_score": NaN,
      "se_score": NaN,
      "p_score": NaN,
      "beta_turn": 291.03018136003624,
      "se_turn": 37.653239385481776,
      "p_turn": 1.082072959342788e-14,
      "converged": true
    },
    "post": {
      "model_label": "cell0",
      "n_obs": 248,
      "n_sessions": 27,
      "beta_correct": 349.5255747281527,
      "se_correct": 393.13322684245026,
      "p_correct": 0.373961883710744,
      "beta_framing": NaN,
      "se_framing": NaN,
      "p_framing": NaN,
      "beta_interaction": NaN,
      "se_interaction": NaN,
      "p_interaction": NaN,
      "beta_score": NaN,
      "se_score": NaN,
      "p_score": NaN,
      "beta_turn": 20.845332405643415,
      "se_turn": 18.04001941813866,
      "p_turn": 0.24788369153725076,
      "converged": true
    },
    "n_discoverers": 27,
    "n_sessions": 30
  },
  "v7_cox": {
    "threshold": 90.0,
    "n_sessions": 54,
    "n_events": 50,
    "n_M_active_intervals": 79,
    "hr_framing": 1.267243837920052,
    "hr_framing_ci_low": 0.7099736033635315,
    "hr_framing_ci_high": 2.261924861907946,
    "p_framing": 0.42300222132788223,
    "hr_score": 1.0083036338383122,
    "hr_score_ci_low": 1.0014697876120349,
    "hr_score_ci_high": 1.015184112978355,
    "p_score": 0.01716053524335086,
    "hr_M": 2.5921182181372657,
    "hr_M_ci_low": 1.2076411944948178,
    "hr_M_ci_high": 5.5638023010715925,
    "p_M": 0.014521488347191407,
    "underpowered": false
  },
  "n_total_turns": 2118,
  "model_label": "GPT-OSS-20B",
  "run_dir": "outputs/final_results/20260422_0902_gpt-oss-20b-cloud_signal-game",
  "verbal_tc": {
    "baseline_flagship__allowed": {
      "n_forfeit": 27,
      "p_sd": 0.037037037037037035,
      "p_tc": 0.0,
      "p_sa": 0.9629629629629629
    },
    "flagship_corruption__allowed": {
      "n_forfeit": 29,
      "p_sd": 0.034482758620689655,
      "p_tc": 0.0,
      "p_sa": 0.9655172413793104
    },
    "true_baseline__allowed": {
      "n_forfeit": 9,
      "p_sd": 0.0,
      "p_tc": 0.0,
      "p_sa": 1.0
    }
  }
}