{
  "reason_distribution": {
    "baseline_flagship": {
      "1": 0.037037037037037035,
      "3": 0.9629629629629629
    },
    "flagship_corruption": {
      "1": 0.034482758620689655,
      "3": 0.9655172413793104
    },
    "true_baseline": {
      "1": 0.0,
      "3": 1.0
    }
  },
  "keyword_by_reason_framing": {
    "baseline_flagship | score": {
      "corruption_kw": 0.11538461538461539,
      "score_kw": 7.884615384615385,
      "rule_kw": 11.73076923076923
    },
    "baseline_flagship | survival": {
      "corruption_kw": 0.0,
      "score_kw": 8.0,
      "rule_kw": 31.0
    },
    "flagship_corruption | score": {
      "corruption_kw": 17.5,
      "score_kw": 10.285714285714286,
      "rule_kw": 16.75
    },
    "flagship_corruption | survival": {
      "corruption_kw": 33.0,
      "score_kw": 9.0,
      "rule_kw": 9.0
    },
    "true_baseline | score": {
      "corruption_kw": 0.0,
      "score_kw": 12.444444444444445,
      "rule_kw": 59.44444444444444
    }
  }
}