framing,forfeit_condition,n_turns,n_forfeit,mean_ri_task,mean_ri_forfeit,gap
baseline_flagship,allowed,181,27,370.7900552486188,418.16574585635357,-101.71019721019718
baseline_flagship,not_allowed,450,0,681.6733333333333,149.89333333333335,
flagship_corruption,allowed,194,29,426.2680412371134,467.0103092783505,-225.73333333333335
flagship_corruption,not_allowed,450,0,680.4266666666666,155.94444444444446,
true_baseline,allowed,393,9,639.5165394402036,408.31552162849874,-1038.693576388889
