{
  "model_a": {
    "model_label": "cell0",
    "n_obs": 420,
    "n_sessions": 30,
    "beta_correct": -2211.4020170744516,
    "se_correct": 233.9474168931011,
    "p_correct": 3.30643013549528e-21,
    "beta_framing": NaN,
    "se_framing": NaN,
    "p_framing": NaN,
    "beta_interaction": NaN,
    "se_interaction": NaN,
    "p_interaction": NaN,
    "beta_score": NaN,
    "se_score": NaN,
    "p_score": NaN,
    "beta_turn": -198.43377923625715,
    "se_turn": 19.424742543017512,
    "p_turn": 1.6897669352884404e-24,
    "converged": true
  },
  "model_b": {
    "model_label": "allowed",
    "n_obs": 921,
    "n_sessions": 96,
    "beta_correct": -1749.3051662051457,
    "se_correct": 224.0298989116803,
    "p_correct": 5.793882059514726e-15,
    "beta_framing": 36.8215655564673,
    "se_framing": 309.13491517203903,
    "p_framing": 0.9051869120119387,
    "beta_interaction": -156.13578772847507,
    "se_interaction": 287.8020068206144,
    "p_interaction": 0.5874664522787552,
    "beta_score": -0.1520874174849681,
    "se_score": 1.3493936046846051,
    "p_score": 0.9102620802725536,
    "beta_turn": -139.2348701458497,
    "se_turn": 16.580251897823885,
    "p_turn": 4.555684961208583e-17,
    "converged": true
  },
  "v2_reverse": {
    "n_obs": 1930,
    "n_sessions": 180,
    "alpha_R": -0.00017217692133502765,
    "se_R": 3.290577510754043e-05,
    "p_R": 1.673027154054679e-07,
    "alpha_turn": 0.43005189090332896,
    "converged": true
  },
  "v6_streak_cell0": {
    "model_label": "streak_cell0_w3",
    "n_obs": 420,
    "n_sessions": 30,
    "beta_correct": -3882.4523270524946,
    "se_correct": 346.5757964514745,
    "p_correct": 3.9720172892379625e-29,
    "beta_framing": NaN,
    "se_framing": NaN,
    "p_framing": NaN,
    "beta_interaction": NaN,
    "se_interaction": NaN,
    "p_interaction": NaN,
    "beta_score": NaN,
    "se_score": NaN,
    "p_score": NaN,
    "beta_turn": -104.83200934371538,
    "se_turn": 23.621693590742304,
    "p_turn": 9.081766782782675e-06,
    "converged": false
  },
  "v3_timing_alignment": {
    "0": {
      "t_star_mean": 4.366666666666666,
      "t_star_median": 5.0,
      "n_discoverers": 30,
      "n_total_sessions": 30
    }
  },
  "v3_beta_phase_split": {
    "pre": {
      "model_label": "cell0",
      "n_obs": 78,
      "n_sessions": 20,
      "beta_correct": -1668.8286827233417,
      "se_correct": 602.9154345802157,
      "p_correct": 0.005641329430223003,
      "beta_framing": NaN,
      "se_framing": NaN,
      "p_framing": NaN,
      "beta_interaction": NaN,
      "se_interaction": NaN,
      "p_interaction": NaN,
      "beta_score": NaN,
      "se_score": NaN,
      "p_score": NaN,
      "beta_turn": 50.83142925751586,
      "se_turn": 211.42252928927192,
      "p_turn": 0.8100001846149935,
      "converged": true
    },
    "post": {
      "model_label": "cell0",
      "n_obs": 0,
      "n_sessions": 0,
      "beta_correct": NaN,
      "se_correct": NaN,
      "p_correct": NaN,
      "beta_framing": NaN,
      "se_framing": NaN,
      "p_framing": NaN,
      "beta_interaction": NaN,
      "se_interaction": NaN,
      "p_interaction": NaN,
      "beta_score": NaN,
      "se_score": NaN,
      "p_score": NaN,
      "beta_turn": NaN,
      "se_turn": NaN,
      "p_turn": NaN,
      "converged": false
    },
    "n_discoverers": 30,
    "n_sessions": 30
  },
  "v7_cox": {
    "threshold": 90.0,
    "n_sessions": 36,
    "n_events": 36,
    "n_M_active_intervals": 30,
    "hr_framing": 2.1885497848531004,
    "hr_framing_ci_low": 1.0360915487295697,
    "hr_framing_ci_high": 4.622902451673916,
    "p_framing": 0.04008286238764807,
    "hr_score": 1.006028952028139,
    "hr_score_ci_low": 0.9985299622171162,
    "hr_score_ci_high": 1.0135842594764022,
    "p_score": 0.11535062983882156,
    "hr_M": 0.5604437393652418,
    "hr_M_ci_low": 0.22734897181445662,
    "hr_M_ci_high": 1.3815641323860273,
    "p_M": 0.20845204737184583,
    "underpowered": false
  },
  "n_total_turns": 1930,
  "model_label": "Qwen3-Next-80B",
  "run_dir": "outputs/final_results/20260422_0902_qwen3-next-80b-cloud_signal-game",
  "verbal_tc": {
    "baseline_flagship__allowed": {
      "n_forfeit": 30,
      "p_sd": 0.0,
      "p_tc": 0.0,
      "p_sa": 1.0
    },
    "flagship_corruption__allowed": {
      "n_forfeit": 30,
      "p_sd": 0.5333333333333333,
      "p_tc": 0.0,
      "p_sa": 0.4666666666666667
    },
    "true_baseline__allowed": {
      "n_forfeit": 2,
      "p_sd": 0.0,
      "p_tc": 1.0,
      "p_sa": 0.0
    }
  }
}