{
  "reason_distribution": {
    "baseline_flagship": {
      "1": 0.0,
      "2": 0.0,
      "3": 1.0
    },
    "flagship_corruption": {
      "1": 0.5333333333333333,
      "2": 0.0,
      "3": 0.4666666666666667
    },
    "true_baseline": {
      "1": 0.0,
      "2": 1.0,
      "3": 0.0
    }
  },
  "keyword_by_reason_framing": {
    "baseline_flagship | score": {
      "corruption_kw": 0.13333333333333333,
      "score_kw": 45.36666666666667,
      "rule_kw": 61.766666666666666
    },
    "flagship_corruption | score": {
      "corruption_kw": 45.0,
      "score_kw": 61.214285714285715,
      "rule_kw": 101.35714285714286
    },
    "flagship_corruption | survival": {
      "corruption_kw": 61.75,
      "score_kw": 55.25,
      "rule_kw": 75.9375
    },
    "true_baseline | task_curiosity": {
      "corruption_kw": 0.0,
      "score_kw": 23.5,
      "rule_kw": 55.0
    }
  }
}