{
  "Gemini-2.5-flash": {
    "n_obs": 1208,
    "n_sessions": 120,
    "beta": 382.0935140717112,
    "se": 276.3404451888929,
    "p": 0.16675955767798645,
    "ci_lo": -159.53375849851886,
    "ci_hi": 923.7207866419412,
    "pass": false,
    "beta_score": 1.8092717279183845,
    "beta_turn": -10.711394549648665,
    "converged": true
  },
  "Qwen3-Next-80B": {
    "n_obs": 1041,
    "n_sessions": 120,
    "beta": 365.8696655300921,
    "se": 236.02914879605973,
    "p": 0.12111661931901557,
    "ci_lo": -96.74746611018497,
    "ci_hi": 828.4867971703692,
    "pass": false,
    "beta_score": -0.09780566989670526,
    "beta_turn": -11.905018149431067,
    "converged": true
  },
  "GPT-OSS-20B": {
    "n_obs": 1275,
    "n_sessions": 120,
    "beta": 25.102022819173918,
    "se": 35.65210922184199,
    "p": 0.4813814565700273,
    "ci_lo": -44.77611125563639,
    "ci_hi": 94.98015689398423,
    "pass": false,
    "beta_score": -0.09912343594692354,
    "beta_turn": 3.76808937262026,
    "converged": true
  },
  "Nemotron-3-Nano-30B": {
    "n_obs": 1249,
    "n_sessions": 120,
    "beta": -69.22988273159257,
    "se": 65.58896479513439,
    "p": 0.29119161920683134,
    "ci_lo": -197.78425373005595,
    "ci_hi": 59.324488266870816,
    "pass": false,
    "beta_score": 0.16427972914497058,
    "beta_turn": 0.3949298584187955,
    "converged": true
  }
}