{
  "Gemini-2.5-flash": {
    "primary": {
      "n_obs": 199,
      "n_sessions": 46,
      "beta_framing": 0.24884660010660595,
      "se_framing": 0.07217836278913863,
      "p_framing": 0.0005654611423482161,
      "ci_lo_framing": 0.10737700903989425,
      "ci_hi_framing": 0.3903161911733176,
      "exp_beta_framing": 1.2825452756703541,
      "converged": true,
      "all_params": {
        "Intercept": 7.437951115864402,
        "framing_corruption": 0.24884660010660595,
        "correct_prev": -0.3132869364912069,
        "score": 0.001710561272665543,
        "turn": 0.0361437553002067
      },
      "all_pvalues": {
        "Intercept": 0.0,
        "framing_corruption": 0.0005654611423482161,
        "correct_prev": 0.0005384649761814952,
        "score": 0.025099585614369858,
        "turn": 0.035167504618198946,
        "Group Var": 0.8757916002792848
      }
    },
    "robustness_raw": {
      "n_obs": 199,
      "n_sessions": 46,
      "beta_framing": 660.8030309665012,
      "se_framing": 208.32814476013914,
      "p_framing": 0.0015142765363120494,
      "ci_lo_framing": 252.47986723662848,
      "ci_hi_framing": 1069.126194696374,
      "exp_beta_framing": 9.618558123232329e+286,
      "converged": true,
      "all_params": {
        "Intercept": 1825.4408648534393,
        "framing_corruption": 660.8030309665012,
        "correct_prev": -727.677725935446,
        "score": 4.504158534061326,
        "turn": 65.92364784541988
      },
      "all_pvalues": {
        "Intercept": 6.083964896918484e-12,
        "framing_corruption": 0.0015142765363120494,
        "correct_prev": 0.002739034292113496,
        "score": 0.033460789160843954,
        "turn": 0.18258814792456257,
        "Group Var": 0.5398759468551078
      }
    },
    "isolation_no_cov": {
      "n_obs": 199,
      "n_sessions": 46,
      "beta_framing": 0.20375002840066095,
      "se_framing": 0.08064404154382951,
      "p_framing": 0.011519376775757912,
      "ci_lo_framing": 0.045687706974755105,
      "ci_hi_framing": 0.3618123498265668,
      "exp_beta_framing": 1.2259916520554432,
      "converged": true,
      "all_params": {
        "Intercept": 7.660626532701652,
        "framing_corruption": 0.20375002840066095
      },
      "all_pvalues": {
        "Intercept": 0.0,
        "framing_corruption": 0.011519376775757912,
        "Group Var": 0.3000855834523516
      }
    },
    "v7a_bootstrap": null,
    "v7b_subgroup_prone": {
      "n_obs": 199,
      "n_sessions": 46,
      "beta_framing": 0.24884660010660595,
      "se_framing": 0.07217836278913863,
      "p_framing": 0.0005654611423482161,
      "ci_lo_framing": 0.10737700903989425,
      "ci_hi_framing": 0.3903161911733176,
      "exp_beta_framing": 1.2825452756703541,
      "converged": true,
      "all_params": {
        "Intercept": 7.437951115864402,
        "framing_corruption": 0.24884660010660595,
        "correct_prev": -0.3132869364912069,
        "score": 0.001710561272665543,
        "turn": 0.0361437553002067
      },
      "all_pvalues": {
        "Intercept": 0.0,
        "framing_corruption": 0.0005654611423482161,
        "correct_prev": 0.0005384649761814952,
        "score": 0.025099585614369858,
        "turn": 0.035167504618198946,
        "Group Var": 0.8757916002792848
      }
    },
    "v7b_subgroup_rare": null,
    "n_continue_obs": 199,
    "n_sessions": 46,
    "n_subgroup_prone_obs": 199,
    "n_subgroup_rare_obs": 0
  },
  "Qwen3-Next-80B": {
    "primary": {
      "n_obs": 45,
      "n_sessions": 20,
      "beta_framing": 0.2742953201056229,
      "se_framing": 0.15979933867646454,
      "p_framing": 0.08607084803438213,
      "ci_lo_framing": -0.038911383700247604,
      "ci_hi_framing": 0.5875020239114934,
      "exp_beta_framing": 1.3156032689712334,
      "converged": true,
      "all_params": {
        "Intercept": 8.05471991860896,
        "framing_corruption": 0.2742953201056229,
        "correct_prev": -0.44572518511672776,
        "score": 0.00012824474899870454,
        "turn": -0.01348097593506258
      },
      "all_pvalues": {
        "Intercept": 0.0,
        "framing_corruption": 0.08607084803438213,
        "correct_prev": 0.001773645536853665,
        "score": 0.9180980387132587,
        "turn": 0.8300866397293345,
        "Group Var": 0.9999999986031045
      }
    },
    "robustness_raw": {
      "n_obs": 45,
      "n_sessions": 20,
      "beta_framing": 1055.2770491476883,
      "se_framing": 423.77934756916613,
      "p_framing": 0.012768672754773558,
      "ci_lo_framing": 224.6695279121227,
      "ci_hi_framing": 1885.884570383254,
      "exp_beta_framing": Infinity,
      "converged": true,
      "all_params": {
        "Intercept": 3255.636343887481,
        "framing_corruption": 1055.2770491476883,
        "correct_prev": -1284.5194907797588,
        "score": 2.534623419960424,
        "turn": -103.3680610992976
      },
      "all_pvalues": {
        "Intercept": 5.988762370930025e-10,
        "framing_corruption": 0.012768672754773558,
        "correct_prev": 0.00029800081618315717,
        "score": 0.43109801985654406,
        "turn": 0.5155493184074695,
        "Group Var": 0.9999999910930988
      }
    },
    "isolation_no_cov": {
      "n_obs": 45,
      "n_sessions": 20,
      "beta_framing": 0.3347517204765538,
      "se_framing": 0.19350519180912182,
      "p_framing": 0.08364159687575444,
      "ci_lo_framing": -0.044518455469324925,
      "ci_hi_framing": 0.7140218964224325,
      "exp_beta_framing": 1.3975933483326772,
      "converged": true,
      "all_params": {
        "Intercept": 7.743688461721288,
        "framing_corruption": 0.3347517204765538
      },
      "all_pvalues": {
        "Intercept": 0.0,
        "framing_corruption": 0.08364159687575444,
        "Group Var": 0.39626225273196336
      }
    },
    "v7a_bootstrap": null,
    "v7b_subgroup_prone": {
      "n_obs": 45,
      "n_sessions": 20,
      "beta_framing": 0.2742953201056229,
      "se_framing": 0.15979933867646454,
      "p_framing": 0.08607084803438213,
      "ci_lo_framing": -0.038911383700247604,
      "ci_hi_framing": 0.5875020239114934,
      "exp_beta_framing": 1.3156032689712334,
      "converged": true,
      "all_params": {
        "Intercept": 8.05471991860896,
        "framing_corruption": 0.2742953201056229,
        "correct_prev": -0.44572518511672776,
        "score": 0.00012824474899870454,
        "turn": -0.01348097593506258
      },
      "all_pvalues": {
        "Intercept": 0.0,
        "framing_corruption": 0.08607084803438213,
        "correct_prev": 0.001773645536853665,
        "score": 0.9180980387132587,
        "turn": 0.8300866397293345,
        "Group Var": 0.9999999986031045
      }
    },
    "v7b_subgroup_rare": null,
    "n_continue_obs": 45,
    "n_sessions": 20,
    "n_subgroup_prone_obs": 45,
    "n_subgroup_rare_obs": 0
  },
  "GPT-OSS-20B": {
    "primary": {
      "n_obs": 265,
      "n_sessions": 48,
      "beta_framing": 0.1294354354235822,
      "se_framing": 0.07695561206528814,
      "p_framing": 0.09257867774713462,
      "ci_lo_framing": -0.021397564224382548,
      "ci_hi_framing": 0.280268435071547,
      "exp_beta_framing": 1.138185622617813,
      "converged": true,
      "all_params": {
        "Intercept": 5.799637562103138,
        "framing_corruption": 0.1294354354235822,
        "correct_prev": -0.10838988383368664,
        "score": 9.918859817375554e-05,
        "turn": -0.0028775352987655523
      },
      "all_pvalues": {
        "Intercept": 0.0,
        "framing_corruption": 0.09257867774713462,
        "correct_prev": 0.21797071676277568,
        "score": 0.8938236634290951,
        "turn": 0.812455354549681,
        "Group Var": 0.9904855780123555
      }
    },
    "robustness_raw": {
      "n_obs": 265,
      "n_sessions": 48,
      "beta_framing": 40.86419535529177,
      "se_framing": 45.48497348566189,
      "p_framing": 0.3689665346550497,
      "ci_lo_framing": -48.28635267660553,