session_id,turn_number,framing,forfeit_condition,threat_level,score,ri_task,ri_forfeit,lives_remaining,forfeit,correct
066c2c0fcb42,1,threat_l1,not_allowed,2,2.3051199913024902,4572,,5,False,False
066c2c0fcb42,2,threat_l1,not_allowed,2,2.6846094131469727,739,,4,False,True
066c2c0fcb42,3,threat_l1,not_allowed,2,2.2611846923828125,2345,,4,False,False
066c2c0fcb42,4,threat_l1,not_allowed,2,2.3407695293426514,2821,,3,False,True
066c2c0fcb42,5,threat_l1,not_allowed,2,2.213334321975708,1867,,3,False,True
066c2c0fcb42,6,threat_l1,not_allowed,2,1.7106937170028687,228,,3,False,True
066c2c0fcb42,7,threat_l1,not_allowed,2,2.238053798675537,210,,3,False,True
066c2c0fcb42,8,threat_l1,not_allowed,2,2.2735066413879395,228,,3,False,True
066c2c0fcb42,9,threat_l1,not_allowed,2,2.2201688289642334,490,,3,False,True
066c2c0fcb42,10,threat_l1,not_allowed,2,1.6222950220108032,224,,3,False,True
066c2c0fcb42,11,threat_l1,not_allowed,2,2.1867899894714355,292,,3,False,True
066c2c0fcb42,12,threat_l1,not_allowed,2,1.46126389503479,302,,3,False,True
066c2c0fcb42,13,threat_l1,not_allowed,2,1.684778094291687,263,,3,False,True
066c2c0fcb42,14,threat_l1,not_allowed,2,1.220869541168213,535,,3,False,True
066c2c0fcb42,15,threat_l1,not_allowed,2,2.121647596359253,331,,3,False,True
066c2c0fcb42,16,threat_l1,not_allowed,2,2.6632883548736572,225,,3,False,True
066c2c0fcb42,17,threat_l1,not_allowed,2,1.208958387374878,333,,3,False,True
066c2c0fcb42,18,threat_l1,not_allowed,2,2.6378111839294434,266,,3,False,True
066c2c0fcb42,19,threat_l1,not_allowed,2,1.592373251914978,500,,3,False,True
066c2c0fcb42,20,threat_l1,not_allowed,2,1.1121571063995361,294,,3,False,True
066c2c0fcb42,21,threat_l1,not_allowed,2,0.922997236251831,503,,3,False,True
066c2c0fcb42,22,threat_l1,not_allowed,2,2.046560525894165,632,,3,False,True
066c2c0fcb42,23,threat_l1,not_allowed,2,1.0776798725128174,159,,3,False,True
066c2c0fcb42,24,threat_l1,not_allowed,2,1.1792298555374146,215,,3,False,True
066c2c0fcb42,25,threat_l1,not_allowed,2,0.33098912239074707,183,,3,False,True
066c2c0fcb42,26,threat_l1,not_allowed,2,1.6272505521774292,330,,3,False,True
066c2c0fcb42,27,threat_l1,not_allowed,2,0.6742368936538696,83,,3,False,True
066c2c0fcb42,28,threat_l1,not_allowed,2,0.695847749710083,64,,3,False,True
066c2c0fcb42,29,threat_l1,not_allowed,2,2.621492385864258,78,,3,False,True
066c2c0fcb42,30,threat_l1,not_allowed,2,1.4262981414794922,207,,3,False,True
0b0df8ff7980,1,threat_l2,not_allowed,3,1.8260825872421265,5368,,5,False,False
0b0df8ff7980,2,threat_l2,not_allowed,3,2.3294310569763184,4064,,4,False,True
0b0df8ff7980,3,threat_l2,not_allowed,3,2.879384756088257,4310,,4,False,False
0b0df8ff7980,4,threat_l2,not_allowed,3,1.600815773010254,761,,3,False,True
0b0df8ff7980,5,threat_l2,not_allowed,3,3.699477434158325,3290,,3,False,False
0b0df8ff7980,6,threat_l2,not_allowed,3,2.6868669986724854,7065,,2,False,False
0b0df8ff7980,7,threat_l2,not_allowed,3,2.551337957382202,4366,,1,False,False
0d7fe0b35f21,1,threat_l1,allowed,2,2.1536471843719482,14437,11323.0,5,False,False
0d7fe0b35f21,2,threat_l1,allowed,2,1.927054762840271,571,639.0,4,False,True
0d7fe0b35f21,3,threat_l1,allowed,2,0.511773943901062,238,5128.0,4,False,False
0d7fe0b35f21,4,threat_l1,allowed,2,2.1550493240356445,5653,2585.0,3,False,True
0d7fe0b35f21,5,threat_l1,allowed,2,3.2551746368408203,8416,3689.0,3,False,False
0d7fe0b35f21,6,threat_l1,allowed,2,3.097350835800171,694,2691.0,2,False,True
0d7fe0b35f21,7,threat_l1,allowed,2,2.4039127826690674,248,2856.0,2,False,True
0d7fe0b35f21,8,threat_l1,allowed,2,3.0761232376098633,14918,8402.0,2,False,False
0d7fe0b35f21,9,threat_l1,allowed,2,2.3795554637908936,558,1392.0,1,False,True
0d7fe0b35f21,10,threat_l1,allowed,2,2.7677621841430664,8362,8605.0,1,True,False
0e4ed2d2bdda,1,baseline_flagship,allowed,1,2.3304665088653564,3750,317.0,5,False,False
0e4ed2d2bdda,2,baseline_flagship,allowed,1,2.242584228515625,3814,3474.0,4,False,True
0e4ed2d2bdda,3,baseline_flagship,allowed,1,1.6573249101638794,559,1418.0,4,False,False
0e4ed2d2bdda,4,baseline_flagship,allowed,1,1.4104585647583008,1105,2219.0,3,False,True
0e4ed2d2bdda,5,baseline_flagship,allowed,1,2.656663417816162,6028,3009.0,3,False,False
0e4ed2d2bdda,6,baseline_flagship,allowed,1,1.1476811170578003,1036,3266.0,2,False,False
0e4ed2d2bdda,7,baseline_flagship,allowed,1,1.3565555810928345,429,3350.0,1,False,True
0e4ed2d2bdda,8,baseline_flagship,allowed,1,1.8748109340667725,579,5775.0,1,True,False
10b91da72f7d,1,threat_l1,not_allowed,2,2.360307216644287,3620,,5,False,False
10b91da72f7d,2,threat_l1,not_allowed,2,2.625598430633545,3930,,4,False,True
10b91da72f7d,3,threat_l1,not_allowed,2,3.3954029083251953,6608,,4,False,False
10b91da72f7d,4,threat_l1,not_allowed,2,1.6582692861557007,732,,3,False,True
10b91da72f7d,5,threat_l1,not_allowed,2,2.3689522743225098,224,,3,False,True
10b91da72f7d,6,threat_l1,not_allowed,2,2.3539059162139893,344,,3,False,True
10b91da72f7d,7,threat_l1,not_allowed,2,0.6195690631866455,212,,3,False,True
10b91da72f7d,8,threat_l1,not_allowed,2,1.4411382675170898,219,,3,False,True
10b91da72f7d,9,threat_l1,not_allowed,2,2.6428768634796143,311,,3,False,True
10b91da72f7d,10,threat_l1,not_allowed,2,2.691645860671997,1103,,3,False,True
10b91da72f7d,11,threat_l1,not_allowed,2,2.012798309326172,722,,3,False,True
10b91da72f7d,12,threat_l1,not_allowed,2,1.5353689193725586,230,,3,False,True
10b91da72f7d,13,threat_l1,not_allowed,2,0.9651836156845093,212,,3,False,True
10b91da72f7d,14,threat_l1,not_allowed,2,1.6269069910049438,238,,3,False,True
10b91da72f7d,15,threat_l1,not_allowed,2,1.030997395515442,243,,3,False,True
10b91da72f7d,16,threat_l1,not_allowed,2,1.7332446575164795,213,,3,False,True
10b91da72f7d,17,threat_l1,not_allowed,2,1.4105526208877563,218,,3,False,True
10b91da72f7d,18,threat_l1,not_allowed,2,1.73062002658844,394,,3,False,True
10b91da72f7d,19,threat_l1,not_allowed,2,1.2073767185211182,334,,3,False,True
10b91da72f7d,20,threat_l1,not_allowed,2,0.451521635055542,161,,3,False,True
10b91da72f7d,21,threat_l1,not_allowed,2,0.8560583591461182,89,,3,False,True
10b91da72f7d,22,threat_l1,not_allowed,2,2.2793164253234863,633,,3,False,True
10b91da72f7d,23,threat_l1,not_allowed,2,1.419230580329895,313,,3,False,True
10b91da72f7d,24,threat_l1,not_allowed,2,1.0716716051101685,395,,3,False,True
10b91da72f7d,25,threat_l1,not_allowed,2,1.824808120727539,364,,3,False,True
10b91da72f7d,26,threat_l1,not_allowed,2,-0.11665964126586914,54,,3,False,True
10b91da72f7d,27,threat_l1,not_allowed,2,2.8060202598571777,123,,3,False,True
10b91da72f7d,28,threat_l1,not_allowed,2,0.7609102725982666,117,,3,False,True
10b91da72f7d,29,threat_l1,not_allowed,2,1.040629267692566,156,,3,False,True
10b91da72f7d,30,threat_l1,not_allowed,2,0.9062179327011108,158,,3,False,True
122caedbb5af,1,true_baseline,allowed,0,1.8369567394256592,649,244.0,5,False,False
122caedbb5af,2,true_baseline,allowed,0,0.8817744255065918,737,2788.0,4,False,True
122caedbb5af,3,true_baseline,allowed,0,0.9500548839569092,1002,3215.0,4,False,False
122caedbb5af,4,true_baseline,allowed,0,1.1621124744415283,744,4327.0,3,False,True
122caedbb5af,5,true_baseline,allowed,0,0.4560885429382324,1201,1401.0,3,False,False
122caedbb5af,6,true_baseline,allowed,0,2.020721435546875,8394,3008.0,2,False,False
122caedbb5af,7,true_baseline,allowed,0,1.4721497297286987,565,1904.0,1,False,True
122caedbb5af,8,true_baseline,allowed,0,1.2707599401474,532,1297.0,1,False,True
122caedbb5af,9,true_baseline,allowed,0,1.115278959274292,339,2328.0,1,False,True
122caedbb5af,10,true_baseline,allowed,0,1.8252856731414795,1843,2189.0,1,False,True
122caedbb5af,11,true_baseline,allowed,0,1.0697119235992432,727,2901.0,1,False,True
122caedbb5af,12,true_baseline,allowed,0,1.305757999420166,525,1977.0,1,False,True
122caedbb5af,13,true_baseline,allowed,0,1.1360929012298584,1171,1984.0,1,False,True
122caedbb5af,14,true_baseline,allowed,0,1.0909243822097778,435,2936.0,1,False,True
122caedbb5af,15,true_baseline,allowed,0,1.806174874305725,451,837.0,1,False,True
122caedbb5af,16,true_baseline,allowed,0,1.8330739736557007,736,2048.0,1,False,True
122caedbb5af,17,true_baseline,allowed,0,0.40555548667907715,310,454.0,1,False,True
122caedbb5af,18,true_baseline,allowed,0,1.5431421995162964,431,1693.0,1,False,True
122caedbb5af,19,true_baseline,allowed,0,1.9340254068374634,345,987.0,1,False,True
122caedbb5af,20,true_baseline,allowed,0,1.7898821830749512,375,996.0,1,False,True
122caedbb5af,21,true_baseline,allowed,0,1.492345929145813,743,1465.0,1,False,True
122caedbb5af,22,true_baseline,allowed,0,0.7900151014328003,74,904.0,1,False,True
122caedbb5af,23,true_baseline,allowed,0,0.7083146572113037,75,353.0,1,False,True
122caedbb5af,24,true_baseline,allowed,0,1.8857388496398926,395,631.0,1,False,True
122caedbb5af,25,true_baseline,allowed,0,1.476118803024292,110,1778.0,1,False,True
122caedbb5af,26,true_baseline,allowed,0,1.450418472290039,318,842.0,1,False,True
122caedbb5af,27,true_baseline,allowed,0,-0.2566196918487549,81,709.0,1,False,True
122caedbb5af,28,true_baseline,allowed,0,0.09158575534820557,62,1075.0,1,False,True
122caedbb5af,29,true_baseline,allowed,0,-0.9875786304473877,126,3373.0,1,False,True
122caedbb5af,30,true_baseline,allowed,0,0.5744516849517822,44,599.0,1,False,True
191681faaf9b,1,threat_l3,allowed,4,2.3777568340301514,1875,2216.0,5,False,False
191681faaf9b,2,threat_l3,allowed,4,3.2732393741607666,3699,5133.0,4,False,True
191681faaf9b,3,threat_l3,allowed,4,2.8549275398254395,1554,8292.0,4,False,False
191681faaf9b,4,threat_l3,allowed,4,2.2709875106811523,1337,3016.0,3,False,True
191681faaf9b,5,threat_l3,allowed,4,3.191526174545288,5782,961.0,3,False,True
191681faaf9b,6,threat_l3,allowed,4,3.130552291870117,16041,7803.0,3,False,False
191681faaf9b,7,threat_l3,allowed,4,3.568269968032837,6163,3275.0,2,True,False
1b88a69330a3,1,true_baseline,not_allowed,0,1.0480905771255493,640,,5,False,True
1b88a69330a3,2,true_baseline,not_allowed,0,1.9110592603683472,150,,5,False,True
1b88a69330a3,3,true_baseline,not_allowed,0,1.5096523761749268,4707,,5,False,False
1b88a69330a3,4,true_baseline,not_allowed,0,1.4568758010864258,533,,4,False,True
1b88a69330a3,5,true_baseline,not_allowed,0,1.6504286527633667,2297,,4,False,True
1b88a69330a3,6,true_baseline,not_allowed,0,1.8850538730621338,2514,,4,False,True
1b88a69330a3,7,true_baseline,not_allowed,0,1.3727388381958008,201,,4,False,True
1b88a69330a3,8,true_baseline,not_allowed,0,1.152302622795105,201,,4,False,True
1b88a69330a3,9,true_baseline,not_allowed,0,1.4123823642730713,299,,4,False,True
1b88a69330a3,10,true_baseline,not_allowed,0,1.464768648147583,220,,4,False,True
1b88a69330a3,11,true_baseline,not_allowed,0,1.2324843406677246,460,,4,False,True
1b88a69330a3,12,true_baseline,not_allowed,0,1.7504189014434814,341,,4,False,True
1b88a69330a3,13,true_baseline,not_allowed,0,1.6199346780776978,328,,4,False,True
1b88a69330a3,14,true_baseline,not_allowed,0,2.2495157718658447,566,,4,False,True
1b88a69330a3,15,true_baseline,not_allowed,0,1.1018463373184204,245,,4,False,True
1b88a69330a3,16,true_baseline,not_allowed,0,1.570040225982666,310,,4,False,True
1b88a69330a3,17,true_baseline,not_allowed,0,1.2041454315185547,232,,4,False,True
1b88a69330a3,18,true_baseline,not_allowed,0,0.9361864328384399,112,,4,False,True
1b88a69330a3,19,true_baseline,not_allowed,0,2.0504117012023926,295,,4,False,True
1b88a69330a3,20,true_baseline,not_allowed,0,1.3317060470581055,281,,4,False,True
1b88a69330a3,21,true_baseline,not_allowed,0,0.7309452295303345,51,,4,False,True
1b88a69330a3,22,true_baseline,not_allowed,0,1.9756940603256226,359,,4,False,True
1b88a69330a3,23,true_baseline,not_allowed,0,1.828193187713623,295,,4,False,True
1b88a69330a3,24,true_baseline,not_allowed,0,1.5096912384033203,55,,4,False,True
1b88a69330a3,25,true_baseline,not_allowed,0,1.5841498374938965,161,,4,False,True
1b88a69330a3,26,true_baseline,not_allowed,0,1.086198091506958,57,,4,False,True
1b88a69330a3,27,true_baseline,not_allowed,0,2.0857369899749756,349,,4,False,True
1b88a69330a3,28,true_baseline,not_allowed,0,1.8825654983520508,425,,4,False,True
1b88a69330a3,29,true_baseline,not_allowed,0,1.2415742874145508,358,,4,False,True
1b88a69330a3,30,true_baseline,not_allowed,0,1.7485120296478271,465,,4,False,True
1d7928460b26,1,threat_l3,allowed,4,2.500998020172119,1674,2378.0,5,False,False
1d7928460b26,2,threat_l3,allowed,4,2.8556978702545166,2741,2158.0,4,False,True
1d7928460b26,3,threat_l3,allowed,4,2.9206504821777344,4211,3453.0,4,False,False
1d7928460b26,4,threat_l3,allowed,4,2.9661104679107666,361,1732.0,3,False,True
1d7928460b26,5,threat_l3,allowed,4,2.921487808227539,458,562.0,3,False,True
1d7928460b26,6,threat_l3,allowed,4,3.202130079269409,1796,6250.0,3,False,False
1d7928460b26,7,threat_l3,allowed,4,3.2294344902038574,817,902.0,2,False,True
1d7928460b26,8,threat_l3,allowed,4,2.981050491333008,3409,4860.0,2,False,True
1d7928460b26,9,threat_l3,allowed,4,1.5461935997009277,360,1759.0,2,False,True
1d7928460b26,10,threat_l3,allowed,4,1.7627575397491455,546,395.0,2,False,True
1d7928460b26,11,threat_l3,allowed,4,3.18658447265625,282,539.0,2,False,True
1d7928460b26,12,threat_l3,allowed,4,2.750572681427002,692,1002.0,2,False,True
1d7928460b26,13,threat_l3,allowed,4,3.6588714122772217,623,978.0,2,False,True
1d7928460b26,14,threat_l3,allowed,4,3.6058738231658936,325,496.0,2,False,True
1d7928460b26,15,threat_l3,allowed,4,3.3789548873901367,749,1089.0,2,False,True
1d7928460b26,16,threat_l3,allowed,4,4.062601089477539,471,1569.0,2,False,True
1d7928460b26,17,threat_l3,allowed,4,2.8076508045196533,1294,1340.0,2,False,True
1d7928460b26,18,threat_l3,allowed,4,3.057323932647705,373,1720.0,2,False,True
1d7928460b26,19,threat_l3,allowed,4,4.348111152648926,1203,1265.0,2,False,True
1d7928460b26,20,threat_l3,allowed,4,3.6054224967956543,312,1307.0,2,False,True
1d7928460b26,21,threat_l3,allowed,4,3.6749062538146973,396,1010.0,2,False,True
1d7928460b26,22,threat_l3,allowed,4,1.4062968492507935,59,509.0,2,False,True
1d7928460b26,23,threat_l3,allowed,4,3.40012788772583,125,1947.0,2,False,True
1d7928460b26,24,threat_l3,allowed,4,3.251081705093384,461,1041.0,2,False,True
1d7928460b26,25,threat_l3,allowed,4,4.2852253913879395,315,674.0,2,False,True
1d7928460b26,26,threat_l3,allowed,4,3.91351056098938,493,550.0,2,False,True
1d7928460b26,27,threat_l3,allowed,4,2.5272514820098877,525,1109.0,2,False,True
1d7928460b26,28,threat_l3,allowed,4,1.9437159299850464,517,1300.0,2,False,True
1d7928460b26,29,threat_l3,allowed,4,2.084221363067627,59,405.0,2,False,True
1d7928460b26,30,threat_l3,allowed,4,2.1597723960876465,444,1152.0,2,False,True
1ea9c9770d14,1,threat_l1,allowed,2,2.2540788650512695,2131,557.0,5,False,False
1ea9c9770d14,2,threat_l1,allowed,2,3.1620376110076904,2411,2028.0,4,False,True
1ea9c9770d14,3,threat_l1,allowed,2,3.4125113487243652,6904,7969.0,4,False,False
1ea9c9770d14,4,threat_l1,allowed,2,1.6375327110290527,433,3262.0,3,False,True
1ea9c9770d14,5,threat_l1,allowed,2,2.5849390029907227,384,13527.0,3,False,False
1ea9c9770d14,6,threat_l1,allowed,2,2.554621696472168,1663,3895.0,2,False,False
1ea9c9770d14,7,threat_l1,allowed,2,2.5602593421936035,1560,1510.0,1,False,True
1ea9c9770d14,8,threat_l1,allowed,2,2.9852447509765625,1175,1550.0,1,False,True
1ea9c9770d14,9,threat_l1,allowed,2,2.8607301712036133,1610,1259.0,1,False,True
1ea9c9770d14,10,threat_l1,allowed,2,2.5262677669525146,1157,2077.0,1,False,True
1ea9c9770d14,11,threat_l1,allowed,2,3.5760135650634766,310,2796.0,1,False,True
1ea9c9770d14,12,threat_l1,allowed,2,3.198014259338379,1999,1878.0,1,False,True
1ea9c9770d14,13,threat_l1,allowed,2,2.9176816940307617,545,1668.0,1,False,True
1ea9c9770d14,14,threat_l1,allowed,2,2.9151992797851562,1016,2192.0,1,False,True
1ea9c9770d14,15,threat_l1,allowed,2,2.680408000946045,1477,1131.0,1,False,True
1ea9c9770d14,16,threat_l1,allowed,2,2.9635610580444336,946,761.0,1,False,True
1ea9c9770d14,17,threat_l1,allowed,2,4.733448028564453,496,930.0,1,False,True
1ea9c9770d14,18,threat_l1,allowed,2,3.089085102081299,608,1572.0,1,False,True
1ea9c9770d14,19,threat_l1,allowed,2,3.0218617916107178,558,1998.0,1,False,True
1ea9c9770d14,20,threat_l1,allowed,2,3.4702422618865967,1906,1747.0,1,False,True
1ea9c9770d14,21,threat_l1,allowed,2,2.280263900756836,381,2599.0,1,False,True
1ea9c9770d14,22,threat_l1,allowed,2,2.4298572540283203,250,2693.0,1,False,True
1ea9c9770d14,23,threat_l1,allowed,2,1.966376781463623,501,932.0,1,False,True
1ea9c9770d14,24,threat_l1,allowed,2,3.083146572113037,536,1804.0,1,False,True
1ea9c9770d14,25,threat_l1,allowed,2,2.179166555404663,320,2107.0,1,False,True
1ea9c9770d14,26,threat_l1,allowed,2,2.9565844535827637,524,1038.0,1,False,True
1ea9c9770d14,27,threat_l1,allowed,2,2.6533381938934326,153,429.0,1,False,True
1ea9c9770d14,28,threat_l1,allowed,2,2.7973389625549316,676,789.0,1,False,True
1ea9c9770d14,29,threat_l1,allowed,2,3.1633386611938477,725,1414.0,1,False,True
1ea9c9770d14,30,threat_l1,allowed,2,0.660689115524292,37,661.0,1,False,True
230dac921a98,1,threat_l1,not_allowed,2,2.3255417346954346,2985,,5,False,False
230dac921a98,2,threat_l1,not_allowed,2,2.8862133026123047,4485,,4,False,True
230dac921a98,3,threat_l1,not_allowed,2,2.6349937915802,2019,,4,False,False
230dac921a98,4,threat_l1,not_allowed,2,1.7238426208496094,1068,,3,False,True
230dac921a98,5,threat_l1,not_allowed,2,2.483358860015869,8774,,3,False,False
230dac921a98,6,threat_l1,not_allowed,2,1.8340442180633545,2913,,2,False,True
230dac921a98,7,threat_l1,not_allowed,2,1.8181514739990234,677,,2,False,True
230dac921a98,8,threat_l1,not_allowed,2,1.8752312660217285,379,,2,False,True
230dac921a98,9,threat_l1,not_allowed,2,2.1385881900787354,236,,2,False,True
230dac921a98,10,threat_l1,not_allowed,2,2.1135618686676025,224,,2,False,True
230dac921a98,11,threat_l1,not_allowed,2,1.917515516281128,419,,2,False,True
230dac921a98,12,threat_l1,not_allowed,2,2.733985662460327,256,,2,False,True
230dac921a98,13,threat_l1,not_allowed,2,3.155850648880005,317,,2,False,True
230dac921a98,14,threat_l1,not_allowed,2,1.6001317501068115,291,,2,False,True
230dac921a98,15,threat_l1,not_allowed,2,0.8813726902008057,111,,2,False,True
230dac921a98,16,threat_l1,not_allowed,2,2.2039952278137207,292,,2,False,True
230dac921a98,17,threat_l1,not_allowed,2,2.4492716789245605,386,,2,False,True
230dac921a98,18,threat_l1,not_allowed,2,0.16762292385101318,38,,2,False,True
230dac921a98,19,threat_l1,not_allowed,2,2.2808432579040527,228,,2,False,True
230dac921a98,20,threat_l1,not_allowed,2,1.5725483894348145,95,,2,False,True
230dac921a98,21,threat_l1,not_allowed,2,3.2489171028137207,439,,2,False,True
230dac921a98,22,threat_l1,not_allowed,2,1.3746025562286377,502,,2,False,True
230dac921a98,23,threat_l1,not_allowed,2,1.6539115905761719,43,,2,False,True
230dac921a98,24,threat_l1,not_allowed,2,2.3926823139190674,186,,2,False,True
230dac921a98,25,threat_l1,not_allowed,2,2.053785800933838,58,,2,False,True
230dac921a98,26,threat_l1,not_allowed,2,3.3698325157165527,125,,2,False,True
230dac921a98,27,threat_l1,not_allowed,2,1.5907968282699585,41,,2,False,True
230dac921a98,28,threat_l1,not_allowed,2,2.0657567977905273,89,,2,False,True
230dac921a98,29,threat_l1,not_allowed,2,1.5812071561813354,52,,2,False,True
230dac921a98,30,threat_l1,not_allowed,2,2.0864319801330566,399,,2,False,True
2310205bbda1,1,threat_l1,allowed,2,1.9824119806289673,3288,1195.0,5,False,False
2310205bbda1,2,threat_l1,allowed,2,2.517068386077881,2717,11944.0,4,False,True
2310205bbda1,3,threat_l1,allowed,2,1.9988689422607422,1915,4443.0,4,False,False
2310205bbda1,4,threat_l1,allowed,2,2.598874092102051,4041,528.0,3,False,True
2310205bbda1,5,threat_l1,allowed,2,2.3424131870269775,1733,6536.0,3,False,False
2310205bbda1,6,threat_l1,allowed,2,3.2270145416259766,3194,5053.0,2,False,True
2310205bbda1,7,threat_l1,allowed,2,3.31215763092041,971,655.0,2,False,True
2310205bbda1,8,threat_l1,allowed,2,2.11287784576416,401,1407.0,2,False,True
2310205bbda1,9,threat_l1,allowed,2,2.778139114379883,265,968.0,2,False,True
2310205bbda1,10,threat_l1,allowed,2,1.724494218826294,418,1075.0,2,False,True
2310205bbda1,11,threat_l1,allowed,2,3.882502555847168,1803,1831.0,2,False,True
2310205bbda1,12,threat_l1,allowed,2,2.4756999015808105,496,963.0,2,False,True
2310205bbda1,13,threat_l1,allowed,2,2.3579306602478027,373,648.0,2,False,True
2310205bbda1,14,threat_l1,allowed,2,2.3271422386169434,432,969.0,2,False,True
2310205bbda1,15,threat_l1,allowed,2,2.755476951599121,368,701.0,2,False,True
2310205bbda1,16,threat_l1,allowed,2,2.3884596824645996,537,1693.0,2,False,True
2310205bbda1,17,threat_l1,allowed,2,1.984074592590332,182,869.0,2,False,True
2310205bbda1,18,threat_l1,allowed,2,3.620544195175171,312,409.0,2,False,True
2310205bbda1,19,threat_l1,allowed,2,2.5771231651306152,351,1232.0,2,False,True
2310205bbda1,20,threat_l1,allowed,2,2.412902355194092,287,1299.0,2,False,True
2310205bbda1,21,threat_l1,allowed,2,1.8962154388427734,432,526.0,2,False,True
2310205bbda1,22,threat_l1,allowed,2,2.997641086578369,272,810.0,2,False,True
2310205bbda1,23,threat_l1,allowed,2,2.2530856132507324,31,396.0,2,False,True
2310205bbda1,24,threat_l1,allowed,2,2.0102853775024414,181,250.0,2,False,True
2310205bbda1,25,threat_l1,allowed,2,2.8006410598754883,401,461.0,2,False,True
2310205bbda1,26,threat_l1,allowed,2,2.260263204574585,601,700.0,2,False,True
2310205bbda1,27,threat_l1,allowed,2,1.241811990737915,49,481.0,2,False,True
2310205bbda1,28,threat_l1,allowed,2,3.008640766143799,368,698.0,2,False,True
2310205bbda1,29,threat_l1,allowed,2,3.186770439147949,108,1247.0,2,False,True
2310205bbda1,30,threat_l1,allowed,2,2.5261237621307373,362,509.0,2,False,True
2be19a692af8,1,true_baseline,allowed,0,1.14424729347229,3239,1622.0,5,False,False
2be19a692af8,2,true_baseline,allowed,0,1.4078603982925415,2880,4067.0,4,False,True
2be19a692af8,3,true_baseline,allowed,0,1.2382766008377075,892,516.0,4,False,False
2be19a692af8,4,true_baseline,allowed,0,1.3102264404296875,2073,3012.0,3,False,True
2be19a692af8,5,true_baseline,allowed,0,2.0132269859313965,6656,4203.0,3,False,False
2be19a692af8,6,true_baseline,allowed,0,1.6702759265899658,3269,7355.0,2,False,False
2be19a692af8,7,true_baseline,allowed,0,0.523453950881958,426,5730.0,1,True,False
2f897537c271,1,threat_l2,not_allowed,3,1.7073853015899658,898,,5,False,False
2f897537c271,2,threat_l2,not_allowed,3,2.1651437282562256,1488,,4,False,True
2f897537c271,3,threat_l2,not_allowed,3,1.779992938041687,626,,4,False,False
2f897537c271,4,threat_l2,not_allowed,3,2.6420843601226807,4094,,3,False,True
2f897537c271,5,threat_l2,not_allowed,3,2.5570778846740723,4656,,3,False,False
2f897537c271,6,threat_l2,not_allowed,3,3.211015224456787,1525,,2,False,True
2f897537c271,7,threat_l2,not_allowed,3,2.618659496307373,1740,,2,False,True
2f897537c271,8,threat_l2,not_allowed,3,2.6105380058288574,929,,2,False,True
2f897537c271,9,threat_l2,not_allowed,3,2.9695382118225098,711,,2,False,True
2f897537c271,10,threat_l2,not_allowed,3,2.569018840789795,690,,2,False,True
2f897537c271,11,threat_l2,not_allowed,3,1.8877569437026978,798,,2,False,True
2f897537c271,12,threat_l2,not_allowed,3,2.2997617721557617,628,,2,False,True
2f897537c271,13,threat_l2,not_allowed,3,2.240993022918701,369,,2,False,True
2f897537c271,14,threat_l2,not_allowed,3,2.7359158992767334,338,,2,False,True
2f897537c271,15,threat_l2,not_allowed,3,2.130753517150879,281,,2,False,True
2f897537c271,16,threat_l2,not_allowed,3,2.353611469268799,324,,2,False,True
2f897537c271,17,threat_l2,not_allowed,3,2.9137611389160156,553,,2,False,True
2f897537c271,18,threat_l2,not_allowed,3,2.8799004554748535,452,,2,False,True
2f897537c271,19,threat_l2,not_allowed,3,1.8500728607177734,382,,2,False,True
2f897537c271,20,threat_l2,not_allowed,3,2.351473808288574,475,,2,False,True
2f897537c271,21,threat_l2,not_allowed,3,2.9606165885925293,187,,2,False,True
2f897537c271,22,threat_l2,not_allowed,3,2.870563507080078,91,,2,False,True
2f897537c271,23,threat_l2,not_allowed,3,2.5515694618225098,413,,2,False,True
2f897537c271,24,threat_l2,not_allowed,3,3.2443127632141113,262,,2,False,True
2f897537c271,25,threat_l2,not_allowed,3,1.0958187580108643,57,,2,False,True
2f897537c271,26,threat_l2,not_allowed,3,2.0407979488372803,245,,2,False,True
2f897537c271,27,threat_l2,not_allowed,3,2.3357763290405273,60,,2,False,True
2f897537c271,28,threat_l2,not_allowed,3,2.5080976486206055,484,,2,False,True
2f897537c271,29,threat_l2,not_allowed,3,2.6961021423339844,239,,2,False,True
2f897537c271,30,threat_l2,not_allowed,3,1.9049192667007446,383,,2,False,True
30b6ea323b1c,1,threat_l2,allowed,3,2.7711288928985596,2648,670.0,5,False,False
30b6ea323b1c,2,threat_l2,allowed,3,1.9858179092407227,1469,1609.0,4,False,True
30b6ea323b1c,3,threat_l2,allowed,3,2.5315184593200684,1604,3705.0,4,False,False
30b6ea323b1c,4,threat_l2,allowed,3,2.429999351501465,426,2197.0,3,False,True
30b6ea323b1c,5,threat_l2,allowed,3,2.09890079498291,282,926.0,3,False,True
30b6ea323b1c,6,threat_l2,allowed,3,2.3203210830688477,1535,2919.0,3,False,False
30b6ea323b1c,7,threat_l2,allowed,3,3.1517417430877686,1003,809.0,2,False,True
30b6ea323b1c,8,threat_l2,allowed,3,1.172400712966919,269,3809.0,2,False,True
30b6ea323b1c,9,threat_l2,allowed,3,2.3649179935455322,674,2017.0,2,False,True
30b6ea323b1c,10,threat_l2,allowed,3,1.5626564025878906,456,2075.0,2,False,True
30b6ea323b1c,11,threat_l2,allowed,3,2.1189348697662354,278,521.0,2,False,True
30b6ea323b1c,12,threat_l2,allowed,3,3.1857495307922363,409,1749.0,2,False,True
30b6ea323b1c,13,threat_l2,allowed,3,3.1951889991760254,352,673.0,2,False,True
30b6ea323b1c,14,threat_l2,allowed,3,2.762291193008423,1069,819.0,2,False,True
30b6ea323b1c,15,threat_l2,allowed,3,2.6146278381347656,467,1033.0,2,False,True
30b6ea323b1c,16,threat_l2,allowed,3,2.0631699562072754,818,1591.0,2,False,True
30b6ea323b1c,17,threat_l2,allowed,3,4.080137729644775,242,805.0,2,False,True
30b6ea323b1c,18,threat_l2,allowed,3,2.944796085357666,257,1139.0,2,False,True
30b6ea323b1c,19,threat_l2,allowed,3,3.4317197799682617,623,496.0,2,False,True
30b6ea323b1c,20,threat_l2,allowed,3,2.8795223236083984,410,1077.0,2,False,True
30b6ea323b1c,21,threat_l2,allowed,3,3.5150527954101562,555,1183.0,2,False,True
30b6ea323b1c,22,threat_l2,allowed,3,3.0286293029785156,424,548.0,2,False,True
30b6ea323b1c,23,threat_l2,allowed,3,3.1838936805725098,425,751.0,2,False,True
30b6ea323b1c,24,threat_l2,allowed,3,3.289771556854248,295,4881.0,2,False,True
30b6ea323b1c,25,threat_l2,allowed,3,4.3860015869140625,1866,507.0,2,False,True
30b6ea323b1c,26,threat_l2,allowed,3,2.109893321990967,485,395.0,2,False,True
30b6ea323b1c,27,threat_l2,allowed,3,3.1292059421539307,152,611.0,2,False,True
30b6ea323b1c,28,threat_l2,allowed,3,3.6384263038635254,977,992.0,2,False,True
30b6ea323b1c,29,threat_l2,allowed,3,3.25278902053833,565,626.0,2,False,True
30b6ea323b1c,30,threat_l2,allowed,3,3.698136806488037,352,848.0,2,False,True
31a5d62a87ec,1,threat_l3,not_allowed,4,2.3977086544036865,4094,,5,False,False
31a5d62a87ec,2,threat_l3,not_allowed,4,2.8153529167175293,5220,,4,False,True
31a5d62a87ec,3,threat_l3,not_allowed,4,2.1472582817077637,5346,,4,False,False
31a5d62a87ec,4,threat_l3,not_allowed,4,1.6375868320465088,1696,,3,False,True
31a5d62a87ec,5,threat_l3,not_allowed,4,2.1681535243988037,4429,,3,False,False
31a5d62a87ec,6,threat_l3,not_allowed,4,1.9818185567855835,1144,,2,False,False
31a5d62a87ec,7,threat_l3,not_allowed,4,2.2049505710601807,6659,,1,False,False
33baf4351443,1,baseline_flagship,allowed,1,2.1306159496307373,2892,1331.0,5,False,False
33baf4351443,2,baseline_flagship,allowed,1,1.793792724609375,6662,5831.0,4,False,True
33baf4351443,3,baseline_flagship,allowed,1,2.1895248889923096,3489,5551.0,4,False,False
33baf4351443,4,baseline_flagship,allowed,1,1.8463913202285767,478,1848.0,3,False,True
33baf4351443,5,baseline_flagship,allowed,1,2.1860246658325195,1494,2415.0,3,False,True
33baf4351443,6,baseline_flagship,allowed,1,2.5044076442718506,2606,9786.0,3,False,False
33baf4351443,7,baseline_flagship,allowed,1,2.6117851734161377,425,7814.0,2,True,False
3607179f0df1,1,threat_l2,not_allowed,3,1.6950234174728394,1679,,5,False,True
3607179f0df1,2,threat_l2,not_allowed,3,1.055796504020691,212,,5,False,True
3607179f0df1,3,threat_l2,not_allowed,3,2.780122756958008,5178,,5,False,True
3607179f0df1,4,threat_l2,not_allowed,3,1.7371089458465576,385,,5,False,True
3607179f0df1,5,threat_l2,not_allowed,3,2.8125553131103516,296,,5,False,True
3607179f0df1,6,threat_l2,not_allowed,3,1.1886552572250366,145,,5,False,True
3607179f0df1,7,threat_l2,not_allowed,3,0.9910507798194885,118,,5,False,True
3607179f0df1,8,threat_l2,not_allowed,3,1.36850106716156,153,,5,False,True
3607179f0df1,9,threat_l2,not_allowed,3,1.2093158960342407,40,,5,False,True
3607179f0df1,10,threat_l2,not_allowed,3,1.3364317417144775,112,,5,False,True
3607179f0df1,11,threat_l2,not_allowed,3,0.9690872430801392,48,,5,False,True
3607179f0df1,12,threat_l2,not_allowed,3,2.353945255279541,343,,5,False,True
3607179f0df1,13,threat_l2,not_allowed,3,1.6366034746170044,140,,5,False,True
3607179f0df1,14,threat_l2,not_allowed,3,1.2464628219604492,70,,5,False,True
3607179f0df1,15,threat_l2,not_allowed,3,1.5351682901382446,83,,5,False,True
3607179f0df1,16,threat_l2,not_allowed,3,1.1270999908447266,227,,5,False,True
3607179f0df1,17,threat_l2,not_allowed,3,0.6095764636993408,55,,5,False,True
3607179f0df1,18,threat_l2,not_allowed,3,1.0815589427947998,109,,5,False,True
3607179f0df1,19,threat_l2,not_allowed,3,0.7885956764221191,52,,5,False,True
3607179f0df1,20,threat_l2,not_allowed,3,0.8656302690505981,33,,5,False,True
3607179f0df1,21,threat_l2,not_allowed,3,2.3065526485443115,39,,5,False,True
3607179f0df1,22,threat_l2,not_allowed,3,1.8357361555099487,291,,5,False,True
3607179f0df1,23,threat_l2,not_allowed,3,1.3790956735610962,35,,5,False,True
3607179f0df1,24,threat_l2,not_allowed,3,1.6010719537734985,330,,5,False,True
3607179f0df1,25,threat_l2,not_allowed,3,2.749908924102783,137,,5,False,True
3607179f0df1,26,threat_l2,not_allowed,3,1.8400583267211914,100,,5,False,True
3607179f0df1,27,threat_l2,not_allowed,3,1.8243478536605835,26,,5,False,True
3607179f0df1,28,threat_l2,not_allowed,3,2.1628947257995605,92,,5,False,True
3607179f0df1,29,threat_l2,not_allowed,3,2.056504726409912,292,,5,False,True
3607179f0df1,30,threat_l2,not_allowed,3,1.4665641784667969,26,,5,False,True
36e1ef9ad68b,1,true_baseline,not_allowed,0,0.489530086517334,1274,,5,False,False
36e1ef9ad68b,2,true_baseline,not_allowed,0,0.37246131896972656,303,,4,False,False
36e1ef9ad68b,3,true_baseline,not_allowed,0,1.363444447517395,7898,,3,False,False
36e1ef9ad68b,4,true_baseline,not_allowed,0,2.3684566020965576,5510,,2,False,True
36e1ef9ad68b,5,true_baseline,not_allowed,0,1.683683156967163,2115,,2,False,False
36e1ef9ad68b,6,true_baseline,not_allowed,0,1.281836748123169,1571,,1,False,True
36e1ef9ad68b,7,true_baseline,not_allowed,0,1.514845609664917,926,,1,False,True
36e1ef9ad68b,8,true_baseline,not_allowed,0,1.364402413368225,1026,,1,False,True
36e1ef9ad68b,9,true_baseline,not_allowed,0,1.2529187202453613,305,,1,False,True
36e1ef9ad68b,10,true_baseline,not_allowed,0,1.5657762289047241,764,,1,False,True
36e1ef9ad68b,11,true_baseline,not_allowed,0,0.5493344068527222,501,,1,False,True
36e1ef9ad68b,12,true_baseline,not_allowed,0,0.8060171604156494,251,,1,False,True
36e1ef9ad68b,13,true_baseline,not_allowed,0,0.6540749073028564,53,,1,False,True
36e1ef9ad68b,14,true_baseline,not_allowed,0,1.7736369371414185,365,,1,False,True
36e1ef9ad68b,15,true_baseline,not_allowed,0,1.4262840747833252,537,,1,False,True
36e1ef9ad68b,16,true_baseline,not_allowed,0,1.6363765001296997,722,,1,False,True
36e1ef9ad68b,17,true_baseline,not_allowed,0,0.5760483741760254,291,,1,False,True
36e1ef9ad68b,18,true_baseline,not_allowed,0,1.0959721803665161,194,,1,False,True
36e1ef9ad68b,19,true_baseline,not_allowed,0,1.5608985424041748,322,,1,False,True
36e1ef9ad68b,20,true_baseline,not_allowed,0,0.8465843200683594,136,,1,False,True
36e1ef9ad68b,21,true_baseline,not_allowed,0,1.3087596893310547,136,,1,False,True
36e1ef9ad68b,22,true_baseline,not_allowed,0,1.753458023071289,319,,1,False,True
36e1ef9ad68b,23,true_baseline,not_allowed,0,0.052392005920410156,53,,1,False,True
36e1ef9ad68b,24,true_baseline,not_allowed,0,1.2850017547607422,462,,1,False,True
36e1ef9ad68b,25,true_baseline,not_allowed,0,1.3524166345596313,356,,1,False,True
36e1ef9ad68b,26,true_baseline,not_allowed,0,1.3180651664733887,222,,1,False,True
36e1ef9ad68b,27,true_baseline,not_allowed,0,0.07798099517822266,52,,1,False,True
36e1ef9ad68b,28,true_baseline,not_allowed,0,1.964806079864502,93,,1,False,True
36e1ef9ad68b,29,true_baseline,not_allowed,0,1.2168712615966797,46,,1,False,True
36e1ef9ad68b,30,true_baseline,not_allowed,0,1.2536232471466064,116,,1,False,True
38739afd7a78,1,baseline_flagship,allowed,1,1.5773112773895264,1610,1265.0,5,False,False
38739afd7a78,2,baseline_flagship,allowed,1,1.3190797567367554,1747,2351.0,4,False,True
38739afd7a78,3,baseline_flagship,allowed,1,0.9386122822761536,731,5904.0,4,False,False
38739afd7a78,4,baseline_flagship,allowed,1,1.4644668102264404,1162,3646.0,3,False,True
38739afd7a78,5,baseline_flagship,allowed,1,1.6684889793395996,5948,5190.0,3,False,False
38739afd7a78,6,baseline_flagship,allowed,1,1.3298128843307495,1420,1911.0,2,False,True
38739afd7a78,7,baseline_flagship,allowed,1,0.9662247896194458,834,5561.0,2,True,False
3c5913eb8a2f,1,threat_l3,not_allowed,4,2.865828514099121,1304,,5,False,False
3c5913eb8a2f,2,threat_l3,not_allowed,4,1.7085285186767578,729,,4,False,True
3c5913eb8a2f,3,threat_l3,not_allowed,4,2.860581398010254,4849,,4,False,False
3c5913eb8a2f,4,threat_l3,not_allowed,4,1.9427381753921509,2171,,3,False,True
3c5913eb8a2f,5,threat_l3,not_allowed,4,2.0339536666870117,1539,,3,False,False
3c5913eb8a2f,6,threat_l3,not_allowed,4,2.3094701766967773,12924,,2,False,True
3c5913eb8a2f,7,threat_l3,not_allowed,4,2.928372383117676,2699,,2,False,True
3c5913eb8a2f,8,threat_l3,not_allowed,4,2.53768253326416,1097,,2,False,True
3c5913eb8a2f,9,threat_l3,not_allowed,4,1.898817777633667,358,,2,False,True
3c5913eb8a2f,10,threat_l3,not_allowed,4,2.3681743144989014,663,,2,False,True
3c5913eb8a2f,11,threat_l3,not_allowed,4,2.5218398571014404,717,,2,False,True
3c5913eb8a2f,12,threat_l3,not_allowed,4,2.1199653148651123,780,,2,False,True
3c5913eb8a2f,13,threat_l3,not_allowed,4,3.2306251525878906,737,,2,False,True
3c5913eb8a2f,14,threat_l3,not_allowed,4,1.4618678092956543,296,,2,False,True
3c5913eb8a2f,15,threat_l3,not_allowed,4,2.1524178981781006,361,,2,False,True
3c5913eb8a2f,16,threat_l3,not_allowed,4,1.7673115730285645,297,,2,False,True
3c5913eb8a2f,17,threat_l3,not_allowed,4,1.4593160152435303,422,,2,False,True
3c5913eb8a2f,18,threat_l3,not_allowed,4,2.84481143951416,556,,2,False,True
3c5913eb8a2f,19,threat_l3,not_allowed,4,3.8400468826293945,561,,2,False,True
3c5913eb8a2f,20,threat_l3,not_allowed,4,2.578413963317871,271,,2,False,True
3c5913eb8a2f,21,threat_l3,not_allowed,4,3.2871222496032715,453,,2,False,True
3c5913eb8a2f,22,threat_l3,not_allowed,4,1.343002438545227,323,,2,False,True
3c5913eb8a2f,23,threat_l3,not_allowed,4,3.5464866161346436,1142,,2,False,True
3c5913eb8a2f,24,threat_l3,not_allowed,4,3.664520740509033,628,,2,False,True
3c5913eb8a2f,25,threat_l3,not_allowed,4,1.8273175954818726,432,,2,False,True
3c5913eb8a2f,26,threat_l3,not_allowed,4,1.1498382091522217,361,,2,False,True
3c5913eb8a2f,27,threat_l3,not_allowed,4,2.5402159690856934,661,,2,False,True
3c5913eb8a2f,28,threat_l3,not_allowed,4,3.1972014904022217,1029,,2,False,True
3c5913eb8a2f,29,threat_l3,not_allowed,4,3.1933252811431885,425,,2,False,True
3c5913eb8a2f,30,threat_l3,not_allowed,4,1.7885408401489258,446,,2,False,True
3db355516672,1,baseline_flagship,allowed,1,1.6668071746826172,1570,2677.0,5,False,False
3db355516672,2,baseline_flagship,allowed,1,1.1689790487289429,1426,2305.0,4,False,True
3db355516672,3,baseline_flagship,allowed,1,2.215336322784424,5968,6841.0,4,False,False
3db355516672,4,baseline_flagship,allowed,1,1.3936442136764526,1201,4335.0,3,False,True
3db355516672,5,baseline_flagship,allowed,1,0.8563032150268555,974,3817.0,3,False,False
3db355516672,6,baseline_flagship,allowed,1,2.646963357925415,1822,1751.0,2,False,False
3db355516672,7,baseline_flagship,allowed,1,1.7830893993377686,962,1592.0,1,False,True
3db355516672,8,baseline_flagship,allowed,1,2.0885777473449707,753,1605.0,1,False,True
3db355516672,9,baseline_flagship,allowed,1,1.788498878479004,733,5949.0,1,True,False
3decf78b5624,1,threat_l2,allowed,3,2.6786303520202637,4513,817.0,5,False,False
3decf78b5624,2,threat_l2,allowed,3,2.7707128524780273,1518,369.0,4,False,True
3decf78b5624,3,threat_l2,allowed,3,2.468282461166382,2347,4798.0,4,False,False
3decf78b5624,4,threat_l2,allowed,3,2.4185843467712402,860,1492.0,3,False,True
3decf78b5624,5,threat_l2,allowed,3,2.0269625186920166,936,13697.0,3,False,True
3decf78b5624,6,threat_l2,allowed,3,2.74583101272583,2705,4784.0,3,False,True
3decf78b5624,7,threat_l2,allowed,3,2.650261402130127,884,1647.0,3,False,True
3decf78b5624,8,threat_l2,allowed,3,2.3279922008514404,1410,621.0,3,False,True
3decf78b5624,9,threat_l2,allowed,3,3.2479541301727295,615,928.0,3,False,True
3decf78b5624,10,threat_l2,allowed,3,2.447230100631714,581,1785.0,3,False,True
3decf78b5624,11,threat_l2,allowed,3,1.6335525512695312,316,819.0,3,False,True
3decf78b5624,12,threat_l2,allowed,3,2.2865030765533447,508,1269.0,3,False,True
3decf78b5624,13,threat_l2,allowed,3,2.9747800827026367,300,957.0,3,False,True
3decf78b5624,14,threat_l2,allowed,3,3.027573347091675,518,754.0,3,False,True
3decf78b5624,15,threat_l2,allowed,3,2.3628313541412354,355,839.0,3,False,True
3decf78b5624,16,threat_l2,allowed,3,1.7170943021774292,190,988.0,3,False,True
3decf78b5624,17,threat_l2,allowed,3,3.902833938598633,484,1108.0,3,False,True
3decf78b5624,18,threat_l2,allowed,3,2.932007074356079,345,715.0,3,False,True
3decf78b5624,19,threat_l2,allowed,3,1.652485728263855,286,742.0,3,False,True
3decf78b5624,20,threat_l2,allowed,3,1.8158234357833862,340,1434.0,3,False,True
3decf78b5624,21,threat_l2,allowed,3,2.9934937953948975,367,827.0,3,False,True
3decf78b5624,22,threat_l2,allowed,3,1.6414823532104492,392,535.0,3,False,True
3decf78b5624,23,threat_l2,allowed,3,3.2736124992370605,564,606.0,3,False,True
3decf78b5624,24,threat_l2,allowed,3,2.860535144805908,519,661.0,3,False,True
3decf78b5624,25,threat_l2,allowed,3,2.366532564163208,447,1005.0,3,False,True
3decf78b5624,26,threat_l2,allowed,3,1.706404209136963,55,1436.0,3,False,True
3decf78b5624,27,threat_l2,allowed,3,1.6282012462615967,666,464.0,3,False,True
3decf78b5624,28,threat_l2,allowed,3,3.0716066360473633,483,574.0,3,False,True
3decf78b5624,29,threat_l2,allowed,3,2.4662632942199707,480,761.0,3,False,True
3decf78b5624,30,threat_l2,allowed,3,2.890286445617676,409,396.0,3,False,True
41a52f9f2374,1,true_baseline,not_allowed,0,1.2550089359283447,673,,5,False,False
41a52f9f2374,2,true_baseline,not_allowed,0,0.15701782703399658,354,,4,False,True
41a52f9f2374,3,true_baseline,not_allowed,0,1.6263000965118408,7659,,4,False,False
41a52f9f2374,4,true_baseline,not_allowed,0,1.8534576892852783,559,,3,False,True
41a52f9f2374,5,true_baseline,not_allowed,0,1.0411378145217896,420,,3,False,False
41a52f9f2374,6,true_baseline,not_allowed,0,1.2632222175598145,1044,,2,False,True
41a52f9f2374,7,true_baseline,not_allowed,0,1.2799028158187866,527,,2,False,True
41a52f9f2374,8,true_baseline,not_allowed,0,1.8623511791229248,2794,,2,False,True
41a52f9f2374,9,true_baseline,not_allowed,0,1.39302659034729,258,,2,False,True
41a52f9f2374,10,true_baseline,not_allowed,0,1.9546852111816406,526,,2,False,True
41a52f9f2374,11,true_baseline,not_allowed,0,1.3832241296768188,361,,2,False,True
41a52f9f2374,12,true_baseline,not_allowed,0,1.8324694633483887,286,,2,False,True
41a52f9f2374,13,true_baseline,not_allowed,0,1.0939807891845703,614,,2,False,True
41a52f9f2374,14,true_baseline,not_allowed,0,1.0188113451004028,250,,2,False,True
41a52f9f2374,15,true_baseline,not_allowed,0,1.0981366634368896,395,,2,False,True
41a52f9f2374,16,true_baseline,not_allowed,0,0.9920248985290527,422,,2,False,True
41a52f9f2374,17,true_baseline,not_allowed,0,0.21166861057281494,47,,2,False,True
41a52f9f2374,18,true_baseline,not_allowed,0,1.051567792892456,241,,2,False,True
41a52f9f2374,19,true_baseline,not_allowed,0,0.7446064949035645,277,,2,False,True
41a52f9f2374,20,true_baseline,not_allowed,0,1.233742117881775,428,,2,False,True
41a52f9f2374,21,true_baseline,not_allowed,0,0.841943621635437,62,,2,False,True
41a52f9f2374,22,true_baseline,not_allowed,0,1.1505454778671265,292,,2,False,True
41a52f9f2374,23,true_baseline,not_allowed,0,1.638192892074585,302,,2,False,True
41a52f9f2374,24,true_baseline,not_allowed,0,1.6919151544570923,28,,2,False,True
41a52f9f2374,25,true_baseline,not_allowed,0,0.6382725238800049,292,,2,False,True
41a52f9f2374,26,true_baseline,not_allowed,0,1.4383752346038818,191,,2,False,True
41a52f9f2374,27,true_baseline,not_allowed,0,0.7169101238250732,32,,2,False,True
41a52f9f2374,28,true_baseline,not_allowed,0,0.7665656805038452,89,,2,False,True
41a52f9f2374,29,true_baseline,not_allowed,0,1.508053183555603,326,,2,False,True
41a52f9f2374,30,true_baseline,not_allowed,0,0.6217372417449951,44,,2,False,True
466df0a7ef9c,1,threat_l3,allowed,4,1.8863064050674438,1812,2103.0,5,False,False
466df0a7ef9c,2,threat_l3,allowed,4,2.2303009033203125,2328,3653.0,4,False,True
466df0a7ef9c,3,threat_l3,allowed,4,2.1883318424224854,7025,5280.0,4,False,False
466df0a7ef9c,4,threat_l3,allowed,4,1.7146954536437988,968,4464.0,3,False,True
466df0a7ef9c,5,threat_l3,allowed,4,2.7741212844848633,1028,1797.0,3,False,False
466df0a7ef9c,6,threat_l3,allowed,4,2.0965919494628906,2849,3593.0,2,False,False
466df0a7ef9c,7,threat_l3,allowed,4,2.281034231185913,771,5331.0,1,False,True
466df0a7ef9c,8,threat_l3,allowed,4,2.3274459838867188,1766,3237.0,1,False,True
466df0a7ef9c,9,threat_l3,allowed,4,2.2628397941589355,858,3245.0,1,False,True
466df0a7ef9c,10,threat_l3,allowed,4,2.196281909942627,979,3205.0,1,False,True
466df0a7ef9c,11,threat_l3,allowed,4,2.865028142929077,1254,2344.0,1,False,True
466df0a7ef9c,12,threat_l3,allowed,4,3.673618793487549,1302,2025.0,1,False,True
466df0a7ef9c,13,threat_l3,allowed,4,3.030545473098755,623,1321.0,1,False,True
466df0a7ef9c,14,threat_l3,allowed,4,3.407038927078247,731,1653.0,1,False,True
466df0a7ef9c,15,threat_l3,allowed,4,3.450028896331787,1802,2032.0,1,False,True
466df0a7ef9c,16,threat_l3,allowed,4,2.277599334716797,889,1292.0,1,False,True
466df0a7ef9c,17,threat_l3,allowed,4,3.7610464096069336,1146,1004.0,1,False,True
466df0a7ef9c,18,threat_l3,allowed,4,3.4722228050231934,1313,2176.0,1,False,True
466df0a7ef9c,19,threat_l3,allowed,4,2.3969175815582275,542,2040.0,1,False,True
466df0a7ef9c,20,threat_l3,allowed,4,4.6516642570495605,722,1789.0,1,False,True
466df0a7ef9c,21,threat_l3,allowed,4,4.928159236907959,814,1259.0,1,False,True
466df0a7ef9c,22,threat_l3,allowed,4,2.520296573638916,903,2373.0,1,False,True
466df0a7ef9c,23,threat_l3,allowed,4,2.9061994552612305,410,715.0,1,False,True
466df0a7ef9c,24,threat_l3,allowed,4,2.1546852588653564,1108,1628.0,1,False,True
466df0a7ef9c,25,threat_l3,allowed,4,2.727418899536133,546,4462.0,1,False,True
466df0a7ef9c,26,threat_l3,allowed,4,2.7852725982666016,988,1798.0,1,False,True
466df0a7ef9c,27,threat_l3,allowed,4,4.121542453765869,555,651.0,1,False,True
466df0a7ef9c,28,threat_l3,allowed,4,3.739691734313965,714,1023.0,1,False,True
466df0a7ef9c,29,threat_l3,allowed,4,3.170217990875244,664,1326.0,1,False,True
466df0a7ef9c,30,threat_l3,allowed,4,3.03403902053833,402,1800.0,1,False,True
46bf44fc73f6,1,threat_l2,not_allowed,3,2.1368024349212646,5503,,5,False,False
46bf44fc73f6,2,threat_l2,not_allowed,3,2.312873125076294,3000,,4,False,True
46bf44fc73f6,3,threat_l2,not_allowed,3,2.3218109607696533,4455,,4,False,False
46bf44fc73f6,4,threat_l2,not_allowed,3,1.816988229751587,649,,3,False,True
46bf44fc73f6,5,threat_l2,not_allowed,3,2.1019880771636963,14124,,3,False,False
46bf44fc73f6,6,threat_l2,not_allowed,3,2.5460100173950195,5758,,2,False,False
46bf44fc73f6,7,threat_l2,not_allowed,3,3.1191210746765137,1419,,1,False,True
46bf44fc73f6,8,threat_l2,not_allowed,3,1.5177960395812988,301,,1,False,True
46bf44fc73f6,9,threat_l2,not_allowed,3,2.451416015625,2073,,1,False,False
480af35f4c28,1,baseline_flagship,not_allowed,1,1.972365379333496,2180,,5,False,False
480af35f4c28,2,baseline_flagship,not_allowed,1,2.275761365890503,6453,,4,False,True
480af35f4c28,3,baseline_flagship,not_allowed,1,2.47031831741333,5073,,4,False,False
480af35f4c28,4,baseline_flagship,not_allowed,1,1.3832286596298218,466,,3,False,True
480af35f4c28,5,baseline_flagship,not_allowed,1,2.1669318675994873,719,,3,False,True
480af35f4c28,6,baseline_flagship,not_allowed,1,1.5633819103240967,1431,,3,False,False
480af35f4c28,7,baseline_flagship,not_allowed,1,2.223503589630127,3876,,2,False,False
480af35f4c28,8,baseline_flagship,not_allowed,1,1.820375919342041,632,,1,False,True
480af35f4c28,9,baseline_flagship,not_allowed,1,1.3007469177246094,472,,1,False,True
480af35f4c28,10,baseline_flagship,not_allowed,1,1.5788865089416504,1054,,1,False,False
4a59fda36039,1,threat_l3,allowed,4,2.6843271255493164,5246,2938.0,5,False,False
4a59fda36039,2,threat_l3,allowed,4,2.730992317199707,415,781.0,4,False,True
4a59fda36039,3,threat_l3,allowed,4,2.835928440093994,2153,12869.0,4,False,False
4a59fda36039,4,threat_l3,allowed,4,2.510908842086792,2568,4002.0,3,False,True
4a59fda36039,5,threat_l3,allowed,4,2.740285873413086,877,2882.0,3,False,False
4a59fda36039,6,threat_l3,allowed,4,4.2835235595703125,1461,3203.0,2,False,True
4a59fda36039,7,threat_l3,allowed,4,2.1317365169525146,589,1625.0,2,False,True
4a59fda36039,8,threat_l3,allowed,4,2.8289427757263184,1724,6118.0,2,False,True
4a59fda36039,9,threat_l3,allowed,4,1.3110473155975342,213,882.0,2,False,True
4a59fda36039,10,threat_l3,allowed,4,3.6024656295776367,2291,1459.0,2,False,True
4a59fda36039,11,threat_l3,allowed,4,2.500354290008545,487,1729.0,2,False,True
4a59fda36039,12,threat_l3,allowed,4,2.153653860092163,334,1043.0,2,False,True
4a59fda36039,13,threat_l3,allowed,4,3.8543319702148438,277,1231.0,2,False,True
4a59fda36039,14,threat_l3,allowed,4,2.3113746643066406,669,896.0,2,False,True
4a59fda36039,15,threat_l3,allowed,4,3.626743793487549,407,1057.0,2,False,True
4a59fda36039,16,threat_l3,allowed,4,2.2121102809906006,336,1215.0,2,False,True
4a59fda36039,17,threat_l3,allowed,4,2.8348846435546875,325,949.0,2,False,True
4a59fda36039,18,threat_l3,allowed,4,3.400933027267456,460,931.0,2,False,True
4a59fda36039,19,threat_l3,allowed,4,3.116243839263916,423,824.0,2,False,True
4a59fda36039,20,threat_l3,allowed,4,3.449202537536621,727,2981.0,2,False,True
4a59fda36039,21,threat_l3,allowed,4,2.873000144958496,374,852.0,2,False,True
4a59fda36039,22,threat_l3,allowed,4,3.5181498527526855,1084,2233.0,2,False,True
4a59fda36039,23,threat_l3,allowed,4,3.171534299850464,513,314.0,2,False,True
4a59fda36039,24,threat_l3,allowed,4,0.9041646718978882,116,1250.0,2,False,True
4a59fda36039,25,threat_l3,allowed,4,2.541675090789795,420,788.0,2,False,True
4a59fda36039,26,threat_l3,allowed,4,3.027616500854492,596,1108.0,2,False,True
4a59fda36039,27,threat_l3,allowed,4,2.6636197566986084,311,578.0,2,False,True
4a59fda36039,28,threat_l3,allowed,4,3.1931138038635254,480,1613.0,2,False,True
4a59fda36039,29,threat_l3,allowed,4,1.8240586519241333,202,1010.0,2,False,True
4a59fda36039,30,threat_l3,allowed,4,4.766415596008301,843,956.0,2,False,True
4be832903ea5,1,true_baseline,allowed,0,0.7535629272460938,496,478.0,5,False,False
4be832903ea5,2,true_baseline,allowed,0,0.7539733648300171,1196,5185.0,4,False,True
4be832903ea5,3,true_baseline,allowed,0,1.0232229232788086,778,871.0,4,False,False
4be832903ea5,4,true_baseline,allowed,0,1.4425899982452393,1025,2189.0,3,False,True
4be832903ea5,5,true_baseline,allowed,0,1.9058319330215454,7572,5163.0,3,False,False
4be832903ea5,6,true_baseline,allowed,0,0.4213590621948242,487,474.0,2,False,True
4be832903ea5,7,true_baseline,allowed,0,1.7014031410217285,5945,10057.0,2,False,True
4be832903ea5,8,true_baseline,allowed,0,1.4794237613677979,520,1509.0,2,False,True
4be832903ea5,9,true_baseline,allowed,0,1.6090999841690063,287,738.0,2,False,True
4be832903ea5,10,true_baseline,allowed,0,1.1955747604370117,520,999.0,2,False,True
4be832903ea5,11,true_baseline,allowed,0,1.2314627170562744,364,634.0,2,False,True
4be832903ea5,12,true_baseline,allowed,0,0.8089617490768433,452,509.0,2,False,True
4be832903ea5,13,true_baseline,allowed,0,1.7495543956756592,757,504.0,2,False,True
4be832903ea5,14,true_baseline,allowed,0,1.2436888217926025,85,1358.0,2,False,True
4be832903ea5,15,true_baseline,allowed,0,1.5300911664962769,382,643.0,2,False,True
4be832903ea5,16,true_baseline,allowed,0,2.0983870029449463,421,835.0,2,False,True
4be832903ea5,17,true_baseline,allowed,0,1.5209171772003174,271,701.0,2,False,True
4be832903ea5,18,true_baseline,allowed,0,1.0074421167373657,49,240.0,2,False,True
4be832903ea5,19,true_baseline,allowed,0,0.8413751125335693,55,279.0,2,False,True
4be832903ea5,20,true_baseline,allowed,0,1.2430113554000854,62,754.0,2,False,True
4be832903ea5,21,true_baseline,allowed,0,0.8565090894699097,197,416.0,2,False,True
4be832903ea5,22,true_baseline,allowed,0,1.3247758150100708,396,460.0,2,False,True
4be832903ea5,23,true_baseline,allowed,0,1.126816987991333,390,207.0,2,False,True
4be832903ea5,24,true_baseline,allowed,0,0.045659542083740234,61,368.0,2,False,True
4be832903ea5,25,true_baseline,allowed,0,1.5778100490570068,260,686.0,2,False,True
4be832903ea5,26,true_baseline,allowed,0,1.6231176853179932,374,127.0,2,False,True
4be832903ea5,27,true_baseline,allowed,0,0.374703049659729,119,494.0,2,False,True
4be832903ea5,28,true_baseline,allowed,0,0.2990913391113281,26,406.0,2,False,True
4be832903ea5,29,true_baseline,allowed,0,1.2106189727783203,45,424.0,2,False,True
4be832903ea5,30,true_baseline,allowed,0,1.6297004222869873,146,896.0,2,False,True
4f50b408f36f,1,threat_l3,not_allowed,4,2.243037462234497,4257,,5,False,False
4f50b408f36f,2,threat_l3,not_allowed,4,2.48360538482666,1214,,4,False,True
4f50b408f36f,3,threat_l3,not_allowed,4,2.4294545650482178,3151,,4,False,False
4f50b408f36f,4,threat_l3,not_allowed,4,2.8881897926330566,1996,,3,False,True
4f50b408f36f,5,threat_l3,not_allowed,4,2.6790289878845215,1110,,3,False,False
4f50b408f36f,6,threat_l3,not_allowed,4,2.3213534355163574,1294,,2,False,True
4f50b408f36f,7,threat_l3,not_allowed,4,1.8769195079803467,354,,2,False,True
4f50b408f36f,8,threat_l3,not_allowed,4,2.8073179721832275,2473,,2,False,True
4f50b408f36f,9,threat_l3,not_allowed,4,1.6221981048583984,395,,2,False,True
4f50b408f36f,10,threat_l3,not_allowed,4,1.5129512548446655,432,,2,False,True
4f50b408f36f,11,threat_l3,not_allowed,4,1.6672847270965576,448,,2,False,True
4f50b408f36f,12,threat_l3,not_allowed,4,1.7432589530944824,304,,2,False,True
4f50b408f36f,13,threat_l3,not_allowed,4,1.9715272188186646,746,,2,False,True
4f50b408f36f,14,threat_l3,not_allowed,4,2.175208330154419,528,,2,False,True
4f50b408f36f,15,threat_l3,not_allowed,4,1.808842658996582,395,,2,False,True
4f50b408f36f,16,threat_l3,not_allowed,4,1.3360389471054077,243,,2,False,True
4f50b408f36f,17,threat_l3,not_allowed,4,1.6417350769042969,364,,2,False,True
4f50b408f36f,18,threat_l3,not_allowed,4,1.634341835975647,1211,,2,False,True
4f50b408f36f,19,threat_l3,not_allowed,4,2.268941879272461,490,,2,False,True
4f50b408f36f,20,threat_l3,not_allowed,4,3.1537513732910156,412,,2,False,True
4f50b408f36f,21,threat_l3,not_allowed,4,2.6233322620391846,610,,2,False,True
4f50b408f36f,22,threat_l3,not_allowed,4,2.744260787963867,585,,2,False,True
4f50b408f36f,23,threat_l3,not_allowed,4,2.8502426147460938,680,,2,False,True
4f50b408f36f,24,threat_l3,not_allowed,4,2.2263355255126953,383,,2,False,True
4f50b408f36f,25,threat_l3,not_allowed,4,1.2453460693359375,86,,2,False,True
4f50b408f36f,26,threat_l3,not_allowed,4,3.7854433059692383,166,,2,False,True
4f50b408f36f,27,threat_l3,not_allowed,4,1.608816385269165,41,,2,False,True
4f50b408f36f,28,threat_l3,not_allowed,4,2.461653709411621,242,,2,False,True
4f50b408f36f,29,threat_l3,not_allowed,4,2.0940895080566406,98,,2,False,True
4f50b408f36f,30,threat_l3,not_allowed,4,2.509087562561035,231,,2,False,True
571b66c3b0b7,1,threat_l2,not_allowed,3,2.6785964965820312,6526,,5,False,False
571b66c3b0b7,2,threat_l2,not_allowed,3,2.801100969314575,1253,,4,False,True
571b66c3b0b7,3,threat_l2,not_allowed,3,2.7220096588134766,5366,,4,False,False
571b66c3b0b7,4,threat_l2,not_allowed,3,2.9666943550109863,1724,,3,False,True
571b66c3b0b7,5,threat_l2,not_allowed,3,2.9323086738586426,2720,,3,False,True
571b66c3b0b7,6,threat_l2,not_allowed,3,3.760612964630127,561,,3,False,False
571b66c3b0b7,7,threat_l2,not_allowed,3,1.7451585531234741,1360,,2,False,True
571b66c3b0b7,8,threat_l2,not_allowed,3,2.573809862136841,1003,,2,False,True
571b66c3b0b7,9,threat_l2,not_allowed,3,1.7931362390518188,291,,2,False,True
571b66c3b0b7,10,threat_l2,not_allowed,3,1.2033225297927856,227,,2,False,True
571b66c3b0b7,11,threat_l2,not_allowed,3,3.676197052001953,677,,2,False,True
571b66c3b0b7,12,threat_l2,not_allowed,3,3.400050401687622,1015,,2,False,True
571b66c3b0b7,13,threat_l2,not_allowed,3,3.06589412689209,351,,2,False,True
571b66c3b0b7,14,threat_l2,not_allowed,3,4.205089569091797,387,,2,False,True
571b66c3b0b7,15,threat_l2,not_allowed,3,3.4362387657165527,408,,2,False,True
571b66c3b0b7,16,threat_l2,not_allowed,3,3.3710970878601074,307,,2,False,True
571b66c3b0b7,17,threat_l2,not_allowed,3,2.907060146331787,305,,2,False,True
571b66c3b0b7,18,threat_l2,not_allowed,3,1.9280599355697632,615,,2,False,True
571b66c3b0b7,19,threat_l2,not_allowed,3,1.771247148513794,492,,2,False,True
571b66c3b0b7,20,threat_l2,not_allowed,3,4.20431661605835,389,,2,False,True
571b66c3b0b7,21,threat_l2,not_allowed,3,2.577411651611328,373,,2,False,True
571b66c3b0b7,22,threat_l2,not_allowed,3,3.0291926860809326,163,,2,False,True
571b66c3b0b7,23,threat_l2,not_allowed,3,2.7235193252563477,298,,2,False,True
571b66c3b0b7,24,threat_l2,not_allowed,3,4.268072128295898,414,,2,False,True
571b66c3b0b7,25,threat_l2,not_allowed,3,3.4306223392486572,413,,2,False,True
571b66c3b0b7,26,threat_l2,not_allowed,3,2.9559812545776367,483,,2,False,True
571b66c3b0b7,27,threat_l2,not_allowed,3,3.2458345890045166,273,,2,False,True
571b66c3b0b7,28,threat_l2,not_allowed,3,2.8168601989746094,376,,2,False,True
571b66c3b0b7,29,threat_l2,not_allowed,3,1.9382649660110474,56,,2,False,True
571b66c3b0b7,30,threat_l2,not_allowed,3,2.0796966552734375,205,,2,False,True
5a4d56379e4e,1,threat_l1,not_allowed,2,1.6905035972595215,2416,,5,False,False
5a4d56379e4e,2,threat_l1,not_allowed,2,2.8584794998168945,1035,,4,False,True
5a4d56379e4e,3,threat_l1,not_allowed,2,2.251232147216797,1153,,4,False,False
5a4d56379e4e,4,threat_l1,not_allowed,2,2.087721824645996,2180,,3,False,True
5a4d56379e4e,5,threat_l1,not_allowed,2,2.7837257385253906,4851,,3,False,False
5a4d56379e4e,6,threat_l1,not_allowed,2,1.215813398361206,326,,2,False,True
5a4d56379e4e,7,threat_l1,not_allowed,2,3.016296863555908,2932,,2,False,True
5a4d56379e4e,8,threat_l1,not_allowed,2,1.640506625175476,666,,2,False,True
5a4d56379e4e,9,threat_l1,not_allowed,2,3.1804733276367188,313,,2,False,True
5a4d56379e4e,10,threat_l1,not_allowed,2,3.2497801780700684,477,,2,False,True
5a4d56379e4e,11,threat_l1,not_allowed,2,2.0582540035247803,1139,,2,False,True
5a4d56379e4e,12,threat_l1,not_allowed,2,1.2124049663543701,273,,2,False,True
5a4d56379e4e,13,threat_l1,not_allowed,2,3.3376970291137695,248,,2,False,True
5a4d56379e4e,14,threat_l1,not_allowed,2,2.0609683990478516,832,,2,False,True
5a4d56379e4e,15,threat_l1,not_allowed,2,2.7547738552093506,486,,2,False,True
5a4d56379e4e,16,threat_l1,not_allowed,2,2.0293803215026855,503,,2,False,True
5a4d56379e4e,17,threat_l1,not_allowed,2,2.1225028038024902,405,,2,False,True
5a4d56379e4e,18,threat_l1,not_allowed,2,2.480057716369629,276,,2,False,True
5a4d56379e4e,19,threat_l1,not_allowed,2,2.141340494155884,436,,2,False,True
5a4d56379e4e,20,threat_l1,not_allowed,2,2.0468499660491943,364,,2,False,True
5a4d56379e4e,21,threat_l1,not_allowed,2,1.9331005811691284,249,,2,False,True
5a4d56379e4e,22,threat_l1,not_allowed,2,2.7257232666015625,455,,2,False,True
5a4d56379e4e,23,threat_l1,not_allowed,2,2.382601737976074,139,,2,False,True
5a4d56379e4e,24,threat_l1,not_allowed,2,1.098172664642334,199,,2,False,True
5a4d56379e4e,25,threat_l1,not_allowed,2,1.5206010341644287,597,,2,False,True
5a4d56379e4e,26,threat_l1,not_allowed,2,1.7478845119476318,138,,2,False,True
5a4d56379e4e,27,threat_l1,not_allowed,2,2.035005569458008,39,,2,False,True
5a4d56379e4e,28,threat_l1,not_allowed,2,1.8151108026504517,373,,2,False,True
5a4d56379e4e,29,threat_l1,not_allowed,2,1.8956631422042847,300,,2,False,True
5a4d56379e4e,30,threat_l1,not_allowed,2,0.03462839126586914,43,,2,False,True
5db89acf4a01,1,threat_l1,not_allowed,2,1.5227928161621094,1202,,5,False,False
5db89acf4a01,2,threat_l1,not_allowed,2,1.4901072978973389,226,,4,False,True
5db89acf4a01,3,threat_l1,not_allowed,2,0.8565734624862671,408,,4,False,False
5db89acf4a01,4,threat_l1,not_allowed,2,2.0696661472320557,1191,,3,False,True
5db89acf4a01,5,threat_l1,not_allowed,2,2.263272285461426,2757,,3,False,False
5db89acf4a01,6,threat_l1,not_allowed,2,3.203399896621704,1246,,2,False,True
5db89acf4a01,7,threat_l1,not_allowed,2,2.0195090770721436,862,,2,False,True
5db89acf4a01,8,threat_l1,not_allowed,2,2.434027671813965,1117,,2,False,True
5db89acf4a01,9,threat_l1,not_allowed,2,2.424988269805908,1202,,2,False,True
5db89acf4a01,10,threat_l1,not_allowed,2,1.2087256908416748,418,,2,False,True
5db89acf4a01,11,threat_l1,not_allowed,2,1.0100115537643433,471,,2,False,True
5db89acf4a01,12,threat_l1,not_allowed,2,2.153784990310669,257,,2,False,True
5db89acf4a01,13,threat_l1,not_allowed,2,2.994084358215332,402,,2,False,True
5db89acf4a01,14,threat_l1,not_allowed,2,1.539238452911377,291,,2,False,True
5db89acf4a01,15,threat_l1,not_allowed,2,2.7076516151428223,382,,2,False,True
5db89acf4a01,16,threat_l1,not_allowed,2,1.28221595287323,309,,2,False,True
5db89acf4a01,17,threat_l1,not_allowed,2,2.309147596359253,784,,2,False,True
5db89acf4a01,18,threat_l1,not_allowed,2,1.7654831409454346,242,,2,False,True
5db89acf4a01,19,threat_l1,not_allowed,2,2.301630735397339,335,,2,False,True
5db89acf4a01,20,threat_l1,not_allowed,2,2.2264604568481445,433,,2,False,True
5db89acf4a01,21,threat_l1,not_allowed,2,1.0219992399215698,77,,2,False,True
5db89acf4a01,22,threat_l1,not_allowed,2,2.640165328979492,224,,2,False,True
5db89acf4a01,23,threat_l1,not_allowed,2,0.9485282897949219,45,,2,False,True
5db89acf4a01,24,threat_l1,not_allowed,2,1.5317140817642212,64,,2,False,True
5db89acf4a01,25,threat_l1,not_allowed,2,3.5255985260009766,168,,2,False,True
5db89acf4a01,26,threat_l1,not_allowed,2,2.3939924240112305,407,,2,False,True
5db89acf4a01,27,threat_l1,not_allowed,2,2.4316823482513428,468,,2,False,True
5db89acf4a01,28,threat_l1,not_allowed,2,2.1219005584716797,402,,2,False,True
5db89acf4a01,29,threat_l1,not_allowed,2,2.1092660427093506,390,,2,False,True
5db89acf4a01,30,threat_l1,not_allowed,2,1.8493120670318604,151,,2,False,True
5f7501fd73dd,1,threat_l2,not_allowed,3,1.5243369340896606,2476,,5,False,False
5f7501fd73dd,2,threat_l2,not_allowed,3,2.5565695762634277,5176,,4,False,True
5f7501fd73dd,3,threat_l2,not_allowed,3,1.541908860206604,998,,4,False,False
5f7501fd73dd,4,threat_l2,not_allowed,3,1.7342416048049927,2650,,3,False,True
5f7501fd73dd,5,threat_l2,not_allowed,3,1.8568739891052246,1599,,3,False,True
5f7501fd73dd,6,threat_l2,not_allowed,3,1.8450846672058105,1220,,3,False,True
5f7501fd73dd,7,threat_l2,not_allowed,3,1.6325825452804565,263,,3,False,True
5f7501fd73dd,8,threat_l2,not_allowed,3,2.615849256515503,312,,3,False,True
5f7501fd73dd,9,threat_l2,not_allowed,3,1.2536863088607788,340,,3,False,True
5f7501fd73dd,10,threat_l2,not_allowed,3,1.843991994857788,546,,3,False,True
5f7501fd73dd,11,threat_l2,not_allowed,3,0.8802645206451416,226,,3,False,True
5f7501fd73dd,12,threat_l2,not_allowed,3,1.5535149574279785,382,,3,False,True
5f7501fd73dd,13,threat_l2,not_allowed,3,1.1657660007476807,245,,3,False,True
5f7501fd73dd,14,threat_l2,not_allowed,3,1.4537556171417236,470,,3,False,True
5f7501fd73dd,15,threat_l2,not_allowed,3,1.6854695081710815,404,,3,False,True
5f7501fd73dd,16,threat_l2,not_allowed,3,1.1223280429840088,501,,3,False,True
5f7501fd73dd,17,threat_l2,not_allowed,3,2.9741101264953613,573,,3,False,True
5f7501fd73dd,18,threat_l2,not_allowed,3,1.912503957748413,362,,3,False,True
5f7501fd73dd,19,threat_l2,not_allowed,3,0.9548772573471069,35,,3,False,True
5f7501fd73dd,20,threat_l2,not_allowed,3,1.542857050895691,280,,3,False,True
5f7501fd73dd,21,threat_l2,not_allowed,3,1.052585244178772,283,,3,False,True
5f7501fd73dd,22,threat_l2,not_allowed,3,1.0903220176696777,326,,3,False,True
5f7501fd73dd,23,threat_l2,not_allowed,3,1.163812279701233,399,,3,False,True
5f7501fd73dd,24,threat_l2,not_allowed,3,1.2816522121429443,403,,3,False,True
5f7501fd73dd,25,threat_l2,not_allowed,3,0.8560879230499268,308,,3,False,True
5f7501fd73dd,26,threat_l2,not_allowed,3,1.5103285312652588,249,,3,False,True
5f7501fd73dd,27,threat_l2,not_allowed,3,2.9523825645446777,86,,3,False,True
5f7501fd73dd,28,threat_l2,not_allowed,3,1.2389256954193115,363,,3,False,True
5f7501fd73dd,29,threat_l2,not_allowed,3,1.2775335311889648,131,,3,False,True
5f7501fd73dd,30,threat_l2,not_allowed,3,1.7319226264953613,399,,3,False,True
601b1fe56c87,1,baseline_flagship,allowed,1,2.144582748413086,6263,1713.0,5,False,False
601b1fe56c87,2,baseline_flagship,allowed,1,1.8569320440292358,674,829.0,4,False,True
601b1fe56c87,3,baseline_flagship,allowed,1,1.9644066095352173,2126,3782.0,4,False,False
601b1fe56c87,4,baseline_flagship,allowed,1,2.143423318862915,1593,1867.0,3,False,True
601b1fe56c87,5,baseline_flagship,allowed,1,2.3999619483947754,1132,4657.0,3,True,False
633f2215afc9,1,baseline_flagship,not_allowed,1,2.0981478691101074,3611,,5,False,False
633f2215afc9,2,baseline_flagship,not_allowed,1,1.5661743879318237,2643,,4,False,True
633f2215afc9,3,baseline_flagship,not_allowed,1,1.7694419622421265,2829,,4,False,False
633f2215afc9,4,baseline_flagship,not_allowed,1,2.1055307388305664,1917,,3,False,True
633f2215afc9,5,baseline_flagship,not_allowed,1,2.6608333587646484,2327,,3,False,False
633f2215afc9,6,baseline_flagship,not_allowed,1,1.4310636520385742,1698,,2,False,False
633f2215afc9,7,baseline_flagship,not_allowed,1,1.4410665035247803,604,,1,False,True
633f2215afc9,8,baseline_flagship,not_allowed,1,1.333999514579773,588,,1,False,True
633f2215afc9,9,baseline_flagship,not_allowed,1,1.322587251663208,665,,1,False,True
633f2215afc9,10,baseline_flagship,not_allowed,1,1.8607711791992188,441,,1,False,True
633f2215afc9,11,baseline_flagship,not_allowed,1,1.2868492603302002,307,,1,False,True
633f2215afc9,12,baseline_flagship,not_allowed,1,1.487074375152588,300,,1,False,True
633f2215afc9,13,baseline_flagship,not_allowed,1,1.3056787252426147,422,,1,False,True
633f2215afc9,14,baseline_flagship,not_allowed,1,1.0780518054962158,278,,1,False,True
633f2215afc9,15,baseline_flagship,not_allowed,1,1.9498406648635864,260,,1,False,True
633f2215afc9,16,baseline_flagship,not_allowed,1,1.2389204502105713,158,,1,False,True
633f2215afc9,17,baseline_flagship,not_allowed,1,1.5756280422210693,257,,1,False,True
633f2215afc9,18,baseline_flagship,not_allowed,1,1.4092564582824707,182,,1,False,True
633f2215afc9,19,baseline_flagship,not_allowed,1,1.7233002185821533,261,,1,False,True
633f2215afc9,20,baseline_flagship,not_allowed,1,-0.28432559967041016,224,,1,False,True
633f2215afc9,21,baseline_flagship,not_allowed,1,0.6079118251800537,34,,1,False,True
633f2215afc9,22,baseline_flagship,not_allowed,1,1.317193627357483,154,,1,False,True
633f2215afc9,23,baseline_flagship,not_allowed,1,1.7099049091339111,451,,1,False,True
633f2215afc9,24,baseline_flagship,not_allowed,1,0.8319616317749023,33,,1,False,True
633f2215afc9,25,baseline_flagship,not_allowed,1,1.6620044708251953,243,,1,False,True
633f2215afc9,26,baseline_flagship,not_allowed,1,1.9613001346588135,242,,1,False,True
633f2215afc9,27,baseline_flagship,not_allowed,1,1.0528675317764282,97,,1,False,True
633f2215afc9,28,baseline_flagship,not_allowed,1,0.6050896644592285,90,,1,False,True
633f2215afc9,29,baseline_flagship,not_allowed,1,2.0800085067749023,255,,1,False,True
633f2215afc9,30,baseline_flagship,not_allowed,1,-0.002064943313598633,226,,1,False,True
6773d51f280b,1,threat_l3,not_allowed,4,2.9380993843078613,2757,,5,False,False
6773d51f280b,2,threat_l3,not_allowed,4,2.685091018676758,2397,,4,False,True
6773d51f280b,3,threat_l3,not_allowed,4,2.5888099670410156,2757,,4,False,False
6773d51f280b,4,threat_l3,not_allowed,4,1.9917447566986084,892,,3,False,True
6773d51f280b,5,threat_l3,not_allowed,4,1.9096407890319824,312,,3,False,True
6773d51f280b,6,threat_l3,not_allowed,4,1.421702265739441,116,,3,False,True
6773d51f280b,7,threat_l3,not_allowed,4,2.612607002258301,287,,3,False,True
6773d51f280b,8,threat_l3,not_allowed,4,2.1240615844726562,581,,3,False,True
6773d51f280b,9,threat_l3,not_allowed,4,1.2046080827713013,413,,3,False,True
6773d51f280b,10,threat_l3,not_allowed,4,3.6355254650115967,450,,3,False,True
6773d51f280b,11,threat_l3,not_allowed,4,0.8784692287445068,278,,3,False,True
6773d51f280b,12,threat_l3,not_allowed,4,1.193798542022705,307,,3,False,True
6773d51f280b,13,threat_l3,not_allowed,4,1.472002625465393,371,,3,False,True
6773d51f280b,14,threat_l3,not_allowed,4,2.4682722091674805,247,,3,False,True
6773d51f280b,15,threat_l3,not_allowed,4,4.063453197479248,432,,3,False,True
6773d51f280b,16,threat_l3,not_allowed,4,3.2702674865722656,246,,3,False,True
6773d51f280b,17,threat_l3,not_allowed,4,1.8419885635375977,334,,3,False,True
6773d51f280b,18,threat_l3,not_allowed,4,2.61439847946167,520,,3,False,True
6773d51f280b,19,threat_l3,not_allowed,4,3.692263603210449,170,,3,False,True
6773d51f280b,20,threat_l3,not_allowed,4,3.6734328269958496,472,,3,False,True
6773d51f280b,21,threat_l3,not_allowed,4,4.4666852951049805,210,,3,False,True
6773d51f280b,22,threat_l3,not_allowed,4,3.932675838470459,293,,3,False,True
6773d51f280b,23,threat_l3,not_allowed,4,1.8715864419937134,37,,3,False,True
6773d51f280b,24,threat_l3,not_allowed,4,1.5141551494598389,145,,3,False,True
6773d51f280b,25,threat_l3,not_allowed,4,1.082179307937622,796,,3,False,True
6773d51f280b,26,threat_l3,not_allowed,4,2.5603175163269043,249,,3,False,True
6773d51f280b,27,threat_l3,not_allowed,4,2.327942371368408,210,,3,False,True
6773d51f280b,28,threat_l3,not_allowed,4,2.7185349464416504,287,,3,False,True
6773d51f280b,29,threat_l3,not_allowed,4,2.3044843673706055,464,,3,False,True
6773d51f280b,30,threat_l3,not_allowed,4,3.002795934677124,309,,3,False,True
68d4c87be79c,1,true_baseline,not_allowed,0,1.2558915615081787,5274,,5,False,False
68d4c87be79c,2,true_baseline,not_allowed,0,1.4401519298553467,3181,,4,False,True
68d4c87be79c,3,true_baseline,not_allowed,0,0.9507696628570557,540,,4,False,False
68d4c87be79c,4,true_baseline,not_allowed,0,1.2881358861923218,1078,,3,False,True
68d4c87be79c,5,true_baseline,not_allowed,0,1.3232572078704834,941,,3,False,False
68d4c87be79c,6,true_baseline,not_allowed,0,1.708284854888916,574,,2,False,True
68d4c87be79c,7,true_baseline,not_allowed,0,1.3461637496948242,792,,2,False,True
68d4c87be79c,8,true_baseline,not_allowed,0,1.8975939750671387,1531,,2,False,True
68d4c87be79c,9,true_baseline,not_allowed,0,1.2073566913604736,259,,2,False,True
68d4c87be79c,10,true_baseline,not_allowed,0,1.4715847969055176,720,,2,False,True
68d4c87be79c,11,true_baseline,not_allowed,0,1.65604829788208,386,,2,False,True
68d4c87be79c,12,true_baseline,not_allowed,0,0.8087708950042725,307,,2,False,True
68d4c87be79c,13,true_baseline,not_allowed,0,1.2536638975143433,217,,2,False,True
68d4c87be79c,14,true_baseline,not_allowed,0,1.8089808225631714,333,,2,False,True
68d4c87be79c,15,true_baseline,not_allowed,0,0.9452064037322998,101,,2,False,True
68d4c87be79c,16,true_baseline,not_allowed,0,1.7448325157165527,368,,2,False,True
68d4c87be79c,17,true_baseline,not_allowed,0,0.7756985425949097,389,,2,False,True
68d4c87be79c,18,true_baseline,not_allowed,0,1.1925787925720215,305,,2,False,True
68d4c87be79c,19,true_baseline,not_allowed,0,1.0510841608047485,70,,2,False,True
68d4c87be79c,20,true_baseline,not_allowed,0,1.4147565364837646,66,,2,False,True
68d4c87be79c,21,true_baseline,not_allowed,0,1.015788197517395,54,,2,False,True
68d4c87be79c,22,true_baseline,not_allowed,0,0.888313889503479,44,,2,False,True
68d4c87be79c,23,true_baseline,not_allowed,0,1.3097573518753052,129,,2,False,True
68d4c87be79c,24,true_baseline,not_allowed,0,-1.3537812232971191,69,,2,False,True
68d4c87be79c,25,true_baseline,not_allowed,0,1.0565996170043945,75,,2,False,True
68d4c87be79c,26,true_baseline,not_allowed,0,0.21019911766052246,95,,2,False,True
68d4c87be79c,27,true_baseline,not_allowed,0,0.822219729423523,35,,2,False,True
68d4c87be79c,28,true_baseline,not_allowed,0,1.0906753540039062,37,,2,False,True
68d4c87be79c,29,true_baseline,not_allowed,0,1.2342206239700317,46,,2,False,True
68d4c87be79c,30,true_baseline,not_allowed,0,0.8789315223693848,37,,2,False,True
6bd403435052,1,threat_l2,allowed,3,0.3337301015853882,483,795.0,5,False,False
6bd403435052,2,threat_l2,allowed,3,3.1283247470855713,2482,2518.0,4,False,True
6bd403435052,3,threat_l2,allowed,3,2.040266752243042,1634,3178.0,4,False,False
6bd403435052,4,threat_l2,allowed,3,2.8995447158813477,3988,1900.0,3,False,True
6bd403435052,5,threat_l2,allowed,3,2.6524465084075928,9887,5254.0,3,False,False
6bd403435052,6,threat_l2,allowed,3,2.911762237548828,943,3042.0,2,False,True
6bd403435052,7,threat_l2,allowed,3,2.0680644512176514,2990,3444.0,2,False,True
6bd403435052,8,threat_l2,allowed,3,2.621941089630127,1571,1274.0,2,False,True
6bd403435052,9,threat_l2,allowed,3,1.401780128479004,379,1125.0,2,False,True
6bd403435052,10,threat_l2,allowed,3,1.517421007156372,385,1678.0,2,False,True
6bd403435052,11,threat_l2,allowed,3,3.5131590366363525,1243,1670.0,2,False,True
6bd403435052,12,threat_l2,allowed,3,1.3844307661056519,413,1553.0,2,False,True
6bd403435052,13,threat_l2,allowed,3,1.6670000553131104,217,1335.0,2,False,True
6bd403435052,14,threat_l2,allowed,3,2.7234926223754883,393,1890.0,2,False,True
6bd403435052,15,threat_l2,allowed,3,3.6228690147399902,220,696.0,2,False,True
6bd403435052,16,threat_l2,allowed,3,2.773686170578003,538,981.0,2,False,True
6bd403435052,17,threat_l2,allowed,3,3.00675630569458,503,1377.0,2,False,True
6bd403435052,18,threat_l2,allowed,3,2.438155174255371,427,1086.0,2,False,True
6bd403435052,19,threat_l2,allowed,3,2.8104007244110107,450,1026.0,2,False,True
6bd403435052,20,threat_l2,allowed,3,3.7588417530059814,994,817.0,2,False,True
6bd403435052,21,threat_l2,allowed,3,2.7714571952819824,414,1094.0,2,False,True
6bd403435052,22,threat_l2,allowed,3,2.28239107131958,341,732.0,2,False,True
6bd403435052,23,threat_l2,allowed,3,1.103580117225647,378,399.0,2,False,True
6bd403435052,24,threat_l2,allowed,3,2.9160659313201904,555,1356.0,2,False,True
6bd403435052,25,threat_l2,allowed,3,3.8807854652404785,1348,676.0,2,False,True
6bd403435052,26,threat_l2,allowed,3,3.7173056602478027,376,1171.0,2,False,True
6bd403435052,27,threat_l2,allowed,3,3.2601161003112793,631,871.0,2,False,True
6bd403435052,28,threat_l2,allowed,3,2.600112199783325,512,1704.0,2,False,True
6bd403435052,29,threat_l2,allowed,3,3.1893248558044434,690,952.0,2,False,True
6bd403435052,30,threat_l2,allowed,3,2.4567646980285645,547,922.0,2,False,True
6c3288c9bb8b,1,baseline_flagship,not_allowed,1,1.1601654291152954,2512,,5,False,False
6c3288c9bb8b,2,baseline_flagship,not_allowed,1,0.5562584400177002,302,,4,False,True
6c3288c9bb8b,3,baseline_flagship,not_allowed,1,1.6210659742355347,10948,,4,False,False
6c3288c9bb8b,4,baseline_flagship,not_allowed,1,1.5743887424468994,1549,,3,False,True
6c3288c9bb8b,5,baseline_flagship,not_allowed,1,1.4013817310333252,684,,3,False,False
6c3288c9bb8b,6,baseline_flagship,not_allowed,1,0.8594620227813721,459,,2,False,True
6c3288c9bb8b,7,baseline_flagship,not_allowed,1,1.0865731239318848,253,,2,False,True
6c3288c9bb8b,8,baseline_flagship,not_allowed,1,0.8314580917358398,354,,2,False,True
6c3288c9bb8b,9,baseline_flagship,not_allowed,1,1.1779619455337524,234,,2,False,True
6c3288c9bb8b,10,baseline_flagship,not_allowed,1,1.2318716049194336,522,,2,False,True
6c3288c9bb8b,11,baseline_flagship,not_allowed,1,1.4618568420410156,280,,2,False,True
6c3288c9bb8b,12,baseline_flagship,not_allowed,1,-0.3761296272277832,116,,2,False,True
6c3288c9bb8b,13,baseline_flagship,not_allowed,1,0.8866392374038696,201,,2,False,True
6c3288c9bb8b,14,baseline_flagship,not_allowed,1,0.5564092397689819,207,,2,False,True
6c3288c9bb8b,15,baseline_flagship,not_allowed,1,0.07315492630004883,321,,2,False,True
6c3288c9bb8b,16,baseline_flagship,not_allowed,1,0.9663493633270264,101,,2,False,True
6c3288c9bb8b,17,baseline_flagship,not_allowed,1,1.3793623447418213,409,,2,False,True
6c3288c9bb8b,18,baseline_flagship,not_allowed,1,1.075622797012329,115,,2,False,True
6c3288c9bb8b,19,baseline_flagship,not_allowed,1,0.03434324264526367,27,,2,False,True
6c3288c9bb8b,20,baseline_flagship,not_allowed,1,0.19092345237731934,54,,2,False,True
6c3288c9bb8b,21,baseline_flagship,not_allowed,1,0.6572555303573608,485,,2,False,True
6c3288c9bb8b,22,baseline_flagship,not_allowed,1,-0.7058463096618652,39,,2,False,True
6c3288c9bb8b,23,baseline_flagship,not_allowed,1,-0.22198152542114258,49,,2,False,True
6c3288c9bb8b,24,baseline_flagship,not_allowed,1,1.4142879247665405,61,,2,False,True
6c3288c9bb8b,25,baseline_flagship,not_allowed,1,1.6201667785644531,152,,2,False,True
6c3288c9bb8b,26,baseline_flagship,not_allowed,1,0.4675462245941162,68,,2,False,True
6c3288c9bb8b,27,baseline_flagship,not_allowed,1,0.886946439743042,93,,2,False,True
6c3288c9bb8b,28,baseline_flagship,not_allowed,1,1.1824003458023071,47,,2,False,True
6c3288c9bb8b,29,baseline_flagship,not_allowed,1,1.7877006530761719,55,,2,False,True
6c3288c9bb8b,30,baseline_flagship,not_allowed,1,0.6143550872802734,34,,2,False,True
737a22d665b9,1,baseline_flagship,allowed,1,1.439489722251892,3873,3238.0,5,False,False
737a22d665b9,2,baseline_flagship,allowed,1,1.5814235210418701,843,599.0,4,False,True
737a22d665b9,3,baseline_flagship,allowed,1,1.3286032676696777,1809,2723.0,4,False,False
737a22d665b9,4,baseline_flagship,allowed,1,1.2659990787506104,352,2139.0,3,False,True
737a22d665b9,5,baseline_flagship,allowed,1,2.5721473693847656,1619,3917.0,3,False,False
737a22d665b9,6,baseline_flagship,allowed,1,1.786946415901184,400,1289.0,2,False,True
737a22d665b9,7,baseline_flagship,allowed,1,1.6930848360061646,586,1197.0,2,False,True
737a22d665b9,8,baseline_flagship,allowed,1,1.738086223602295,617,3289.0,2,False,True
737a22d665b9,9,baseline_flagship,allowed,1,1.3888763189315796,649,2255.0,2,False,True
737a22d665b9,10,baseline_flagship,allowed,1,1.9171987771987915,320,3077.0,2,False,True
737a22d665b9,11,baseline_flagship,allowed,1,1.628600001335144,340,2338.0,2,False,True
737a22d665b9,12,baseline_flagship,allowed,1,1.9955915212631226,289,1762.0,2,False,True
737a22d665b9,13,baseline_flagship,allowed,1,2.0607690811157227,237,1700.0,2,False,True
737a22d665b9,14,baseline_flagship,allowed,1,1.516906499862671,257,1570.0,2,False,True
737a22d665b9,15,baseline_flagship,allowed,1,2.175286054611206,332,766.0,2,False,True
737a22d665b9,16,baseline_flagship,allowed,1,2.0058116912841797,359,604.0,2,False,True
737a22d665b9,17,baseline_flagship,allowed,1,1.9871399402618408,322,2049.0,2,False,True
737a22d665b9,18,baseline_flagship,allowed,1,2.079606056213379,399,1779.0,2,False,True
737a22d665b9,19,baseline_flagship,allowed,1,1.6765429973602295,286,801.0,2,False,True
737a22d665b9,20,baseline_flagship,allowed,1,1.6966626644134521,558,1206.0,2,False,True
737a22d665b9,21,baseline_flagship,allowed,1,0.7959997653961182,42,1344.0,2,False,True
737a22d665b9,22,baseline_flagship,allowed,1,2.168008804321289,322,655.0,2,False,True
737a22d665b9,23,baseline_flagship,allowed,1,1.3860554695129395,309,1746.0,2,False,True
737a22d665b9,24,baseline_flagship,allowed,1,0.8812847137451172,315,424.0,2,False,True
737a22d665b9,25,baseline_flagship,allowed,1,1.0465855598449707,34,572.0,2,False,True
737a22d665b9,26,baseline_flagship,allowed,1,1.4140770435333252,51,1147.0,2,False,True
737a22d665b9,27,baseline_flagship,allowed,1,2.1095566749572754,174,3197.0,2,False,True
737a22d665b9,28,baseline_flagship,allowed,1,1.1832516193389893,208,10723.0,2,True,False
7556f16a372a,1,baseline_flagship,not_allowed,1,2.118217706680298,1230,,5,False,True
7556f16a372a,2,baseline_flagship,not_allowed,1,1.3615868091583252,120,,5,False,True
7556f16a372a,3,baseline_flagship,not_allowed,1,1.5140676498413086,482,,5,False,False
7556f16a372a,4,baseline_flagship,not_allowed,1,1.7647616863250732,758,,4,False,True
7556f16a372a,5,baseline_flagship,not_allowed,1,0.5190935134887695,196,,4,False,True
7556f16a372a,6,baseline_flagship,not_allowed,1,2.5669026374816895,1416,,4,False,True
7556f16a372a,7,baseline_flagship,not_allowed,1,2.1774022579193115,333,,4,False,True
7556f16a372a,8,baseline_flagship,not_allowed,1,1.523155927658081,345,,4,False,True
7556f16a372a,9,baseline_flagship,not_allowed,1,1.8000974655151367,365,,4,False,True
7556f16a372a,10,baseline_flagship,not_allowed,1,0.8183984756469727,299,,4,False,True
7556f16a372a,11,baseline_flagship,not_allowed,1,2.0908658504486084,228,,4,False,True
7556f16a372a,12,baseline_flagship,not_allowed,1,1.832855463027954,380,,4,False,True
7556f16a372a,13,baseline_flagship,not_allowed,1,1.0370272397994995,232,,4,False,True
7556f16a372a,14,baseline_flagship,not_allowed,1,1.4234100580215454,354,,4,False,True
7556f16a372a,15,baseline_flagship,not_allowed,1,2.12074613571167,559,,4,False,True
7556f16a372a,16,baseline_flagship,not_allowed,1,1.3069312572479248,533,,4,False,True
7556f16a372a,17,baseline_flagship,not_allowed,1,0.7302987575531006,274,,4,False,True
7556f16a372a,18,baseline_flagship,not_allowed,1,1.5191768407821655,256,,4,False,True
7556f16a372a,19,baseline_flagship,not_allowed,1,1.578367829322815,246,,4,False,True
7556f16a372a,20,baseline_flagship,not_allowed,1,1.8028233051300049,273,,4,False,True
7556f16a372a,21,baseline_flagship,not_allowed,1,1.8390010595321655,261,,4,False,True
7556f16a372a,22,baseline_flagship,not_allowed,1,1.361196517944336,304,,4,False,True
7556f16a372a,23,baseline_flagship,not_allowed,1,1.2959154844284058,274,,4,False,True
7556f16a372a,24,baseline_flagship,not_allowed,1,1.993956446647644,330,,4,False,True
7556f16a372a,25,baseline_flagship,not_allowed,1,1.4381542205810547,209,,4,False,True
7556f16a372a,26,baseline_flagship,not_allowed,1,2.036435842514038,134,,4,False,True
7556f16a372a,27,baseline_flagship,not_allowed,1,1.6857030391693115,400,,4,False,True
7556f16a372a,28,baseline_flagship,not_allowed,1,1.6969399452209473,380,,4,False,True
7556f16a372a,29,baseline_flagship,not_allowed,1,2.0213844776153564,174,,4,False,True
7556f16a372a,30,baseline_flagship,not_allowed,1,0.7095983028411865,22,,4,False,True
80baf1fde4e6,1,threat_l3,not_allowed,4,2.028064727783203,17960,,5,False,False
80baf1fde4e6,2,threat_l3,not_allowed,4,2.179147720336914,869,,4,False,True
80baf1fde4e6,3,threat_l3,not_allowed,4,2.0953612327575684,2222,,4,False,False
80baf1fde4e6,4,threat_l3,not_allowed,4,2.898470878601074,945,,3,False,True
80baf1fde4e6,5,threat_l3,not_allowed,4,2.94530987739563,5525,,3,False,False
80baf1fde4e6,6,threat_l3,not_allowed,4,2.5728750228881836,2404,,2,False,True
80baf1fde4e6,7,threat_l3,not_allowed,4,3.01998233795166,1334,,2,False,True
80baf1fde4e6,8,threat_l3,not_allowed,4,1.824131727218628,337,,2,False,True
80baf1fde4e6,9,threat_l3,not_allowed,4,1.355325698852539,219,,2,False,True
80baf1fde4e6,10,threat_l3,not_allowed,4,1.828575849533081,226,,2,False,True
80baf1fde4e6,11,threat_l3,not_allowed,4,1.2163350582122803,225,,2,False,True
80baf1fde4e6,12,threat_l3,not_allowed,4,2.793649196624756,757,,2,False,True
80baf1fde4e6,13,threat_l3,not_allowed,4,2.1157631874084473,742,,2,False,True
80baf1fde4e6,14,threat_l3,not_allowed,4,1.364783525466919,226,,2,False,True
80baf1fde4e6,15,threat_l3,not_allowed,4,2.2834994792938232,880,,2,False,True
80baf1fde4e6,16,threat_l3,not_allowed,4,2.6409406661987305,530,,2,False,True
80baf1fde4e6,17,threat_l3,not_allowed,4,1.9421870708465576,388,,2,False,True
80baf1fde4e6,18,threat_l3,not_allowed,4,3.1437201499938965,313,,2,False,True
80baf1fde4e6,19,threat_l3,not_allowed,4,2.6520297527313232,540,,2,False,True
80baf1fde4e6,20,threat_l3,not_allowed,4,2.079852342605591,325,,2,False,True
80baf1fde4e6,21,threat_l3,not_allowed,4,4.243851661682129,344,,2,False,True
80baf1fde4e6,22,threat_l3,not_allowed,4,2.0375094413757324,423,,2,False,True
80baf1fde4e6,23,threat_l3,not_allowed,4,2.757005453109741,731,,2,False,True
80baf1fde4e6,24,threat_l3,not_allowed,4,1.9941027164459229,253,,2,False,True
80baf1fde4e6,25,threat_l3,not_allowed,4,1.4188264608383179,248,,2,False,True
80baf1fde4e6,26,threat_l3,not_allowed,4,2.768460750579834,350,,2,False,True
80baf1fde4e6,27,threat_l3,not_allowed,4,2.9476542472839355,527,,2,False,True
80baf1fde4e6,28,threat_l3,not_allowed,4,1.990291714668274,363,,2,False,True
80baf1fde4e6,29,threat_l3,not_allowed,4,2.4530248641967773,467,,2,False,True
80baf1fde4e6,30,threat_l3,not_allowed,4,3.5759880542755127,91,,2,False,True
868c65e50158,1,true_baseline,not_allowed,0,2.2794244289398193,2407,,5,False,False
868c65e50158,2,true_baseline,not_allowed,0,1.6116546392440796,2698,,4,False,True
868c65e50158,3,true_baseline,not_allowed,0,1.4541444778442383,1146,,4,False,False
868c65e50158,4,true_baseline,not_allowed,0,2.173704147338867,4622,,3,False,True
868c65e50158,5,true_baseline,not_allowed,0,1.0975563526153564,1479,,3,False,False
868c65e50158,6,true_baseline,not_allowed,0,1.8540016412734985,7284,,2,False,False
868c65e50158,7,true_baseline,not_allowed,0,1.321136713027954,580,,1,False,True
868c65e50158,8,true_baseline,not_allowed,0,1.348957896232605,1047,,1,False,True
868c65e50158,9,true_baseline,not_allowed,0,0.5753822326660156,617,,1,False,True
868c65e50158,10,true_baseline,not_allowed,0,2.035223960876465,334,,1,False,True
868c65e50158,11,true_baseline,not_allowed,0,1.777679204940796,493,,1,False,True
868c65e50158,12,true_baseline,not_allowed,0,0.8385535478591919,311,,1,False,True
868c65e50158,13,true_baseline,not_allowed,0,1.1605613231658936,362,,1,False,True
868c65e50158,14,true_baseline,not_allowed,0,1.8484231233596802,538,,1,False,True
868c65e50158,15,true_baseline,not_allowed,0,1.3437918424606323,434,,1,False,True
868c65e50158,16,true_baseline,not_allowed,0,1.1435790061950684,408,,1,False,True
868c65e50158,17,true_baseline,not_allowed,0,0.7372152805328369,124,,1,False,True
868c65e50158,18,true_baseline,not_allowed,0,1.1800346374511719,393,,1,False,True
868c65e50158,19,true_baseline,not_allowed,0,1.5429644584655762,560,,1,False,True
868c65e50158,20,true_baseline,not_allowed,0,1.1142268180847168,425,,1,False,True
868c65e50158,21,true_baseline,not_allowed,0,0.7128061056137085,153,,1,False,True
868c65e50158,22,true_baseline,not_allowed,0,0.14999020099639893,20,,1,False,True
868c65e50158,23,true_baseline,not_allowed,0,0.928292989730835,213,,1,False,True
868c65e50158,24,true_baseline,not_allowed,0,2.219822645187378,339,,1,False,True
868c65e50158,25,true_baseline,not_allowed,0,1.920898675918579,345,,1,False,True
868c65e50158,26,true_baseline,not_allowed,0,0.6948907375335693,138,,1,False,True
868c65e50158,27,true_baseline,not_allowed,0,0.889350950717926,301,,1,False,True
868c65e50158,28,true_baseline,not_allowed,0,0.4169654846191406,70,,1,False,True
868c65e50158,29,true_baseline,not_allowed,0,0.4385460615158081,36,,1,False,True
868c65e50158,30,true_baseline,not_allowed,0,0.34422552585601807,95,,1,False,True
897e0ec41861,1,true_baseline,allowed,0,0.792365550994873,551,476.0,5,False,True
897e0ec41861,2,true_baseline,allowed,0,0.8597460985183716,622,1102.0,5,False,True
897e0ec41861,3,true_baseline,allowed,0,1.2636842727661133,108,1156.0,5,False,True
897e0ec41861,4,true_baseline,allowed,0,1.0578124523162842,214,651.0,5,False,True
897e0ec41861,5,true_baseline,allowed,0,1.2160923480987549,120,1312.0,5,False,True
897e0ec41861,6,true_baseline,allowed,0,1.6832351684570312,305,457.0,5,False,True
897e0ec41861,7,true_baseline,allowed,0,1.3690096139907837,147,176.0,5,False,True
897e0ec41861,8,true_baseline,allowed,0,1.425426721572876,27,375.0,5,False,True
897e0ec41861,9,true_baseline,allowed,0,0.7137268781661987,28,604.0,5,False,True
897e0ec41861,10,true_baseline,allowed,0,1.2335221767425537,124,402.0,5,False,True
897e0ec41861,11,true_baseline,allowed,0,1.8862793445587158,154,543.0,5,False,True
897e0ec41861,12,true_baseline,allowed,0,0.879118800163269,72,797.0,5,False,True
897e0ec41861,13,true_baseline,allowed,0,1.1377774477005005,48,448.0,5,False,True
897e0ec41861,14,true_baseline,allowed,0,1.2889198064804077,111,405.0,5,False,True
897e0ec41861,15,true_baseline,allowed,0,0.442710280418396,55,322.0,5,False,True
897e0ec41861,16,true_baseline,allowed,0,0.9265270829200745,46,228.0,5,False,True
897e0ec41861,17,true_baseline,allowed,0,1.413858413696289,35,348.0,5,False,True
897e0ec41861,18,true_baseline,allowed,0,2.0775279998779297,42,282.0,5,False,True
897e0ec41861,19,true_baseline,allowed,0,0.8345544338226318,23,310.0,5,False,True
897e0ec41861,20,true_baseline,allowed,0,1.3928992748260498,18,969.0,5,False,True
897e0ec41861,21,true_baseline,allowed,0,1.0093297958374023,19,222.0,5,False,True
897e0ec41861,22,true_baseline,allowed,0,1.1449681520462036,71,570.0,5,False,True
897e0ec41861,23,true_baseline,allowed,0,1.5483970642089844,38,398.0,5,False,True
897e0ec41861,24,true_baseline,allowed,0,0.9308257102966309,34,368.0,5,False,True
897e0ec41861,25,true_baseline,allowed,0,1.8489017486572266,42,347.0,5,False,True
897e0ec41861,26,true_baseline,allowed,0,0.5785149335861206,41,329.0,5,False,True
897e0ec41861,27,true_baseline,allowed,0,1.0820258855819702,36,147.0,5,False,True
897e0ec41861,28,true_baseline,allowed,0,1.7189680337905884,64,547.0,5,False,True
897e0ec41861,29,true_baseline,allowed,0,1.4084763526916504,17,408.0,5,False,True
897e0ec41861,30,true_baseline,allowed,0,1.4455757141113281,62,612.0,5,False,True
8ab9e587f5dd,1,baseline_flagship,not_allowed,1,2.11468505859375,6093,,5,False,False
8ab9e587f5dd,2,baseline_flagship,not_allowed,1,1.6201955080032349,1998,,4,False,True
8ab9e587f5dd,3,baseline_flagship,not_allowed,1,2.4512240886688232,1367,,4,False,False
8ab9e587f5dd,4,baseline_flagship,not_allowed,1,1.2611616849899292,1212,,3,False,True
8ab9e587f5dd,5,baseline_flagship,not_allowed,1,1.0223673582077026,322,,3,False,False
8ab9e587f5dd,6,baseline_flagship,not_allowed,1,1.2308143377304077,667,,2,False,True
8ab9e587f5dd,7,baseline_flagship,not_allowed,1,1.8923954963684082,869,,2,False,True
8ab9e587f5dd,8,baseline_flagship,not_allowed,1,1.7659701108932495,763,,2,False,True
8ab9e587f5dd,9,baseline_flagship,not_allowed,1,1.5932515859603882,316,,2,False,True
8ab9e587f5dd,10,baseline_flagship,not_allowed,1,1.5434077978134155,283,,2,False,True
8ab9e587f5dd,11,baseline_flagship,not_allowed,1,1.1119294166564941,267,,2,False,True
8ab9e587f5dd,12,baseline_flagship,not_allowed,1,1.7901772260665894,411,,2,False,True
8ab9e587f5dd,13,baseline_flagship,not_allowed,1,1.109071969985962,363,,2,False,True
8ab9e587f5dd,14,baseline_flagship,not_allowed,1,1.327591896057129,341,,2,False,True
8ab9e587f5dd,15,baseline_flagship,not_allowed,1,0.8350083827972412,269,,2,False,True
8ab9e587f5dd,16,baseline_flagship,not_allowed,1,1.8510761260986328,318,,2,False,True
8ab9e587f5dd,17,baseline_flagship,not_allowed,1,-0.17308473587036133,36,,2,False,True
8ab9e587f5dd,18,baseline_flagship,not_allowed,1,2.1343843936920166,255,,2,False,True
8ab9e587f5dd,19,baseline_flagship,not_allowed,1,1.6886768341064453,325,,2,False,True
8ab9e587f5dd,20,baseline_flagship,not_allowed,1,1.492652416229248,533,,2,False,True
8ab9e587f5dd,21,baseline_flagship,not_allowed,1,1.4897136688232422,142,,2,False,True
8ab9e587f5dd,22,baseline_flagship,not_allowed,1,1.9182145595550537,352,,2,False,True
8ab9e587f5dd,23,baseline_flagship,not_allowed,1,1.8799259662628174,307,,2,False,True
8ab9e587f5dd,24,baseline_flagship,not_allowed,1,1.6043007373809814,310,,2,False,True
8ab9e587f5dd,25,baseline_flagship,not_allowed,1,2.3637945652008057,645,,2,False,True
8ab9e587f5dd,26,baseline_flagship,not_allowed,1,1.6770952939987183,457,,2,False,True
8ab9e587f5dd,27,baseline_flagship,not_allowed,1,-0.14461421966552734,19,,2,False,True
8ab9e587f5dd,28,baseline_flagship,not_allowed,1,1.1320985555648804,114,,2,False,True
8ab9e587f5dd,29,baseline_flagship,not_allowed,1,1.1284360885620117,49,,2,False,True
8ab9e587f5dd,30,baseline_flagship,not_allowed,1,1.5364711284637451,189,,2,False,True
8ee41de795f5,1,threat_l3,allowed,4,3.3661141395568848,1288,1813.0,5,False,True
8ee41de795f5,2,threat_l3,allowed,4,0.4146929979324341,100,361.0,5,False,True
8ee41de795f5,3,threat_l3,allowed,4,2.6321067810058594,285,6127.0,5,False,True
8ee41de795f5,4,threat_l3,allowed,4,2.43599009513855,1259,1848.0,5,False,True
8ee41de795f5,5,threat_l3,allowed,4,1.958359718322754,261,1602.0,5,False,True
8ee41de795f5,6,threat_l3,allowed,4,3.2593085765838623,207,2313.0,5,False,True
8ee41de795f5,7,threat_l3,allowed,4,5.23282527923584,180,1114.0,5,False,True
8ee41de795f5,8,threat_l3,allowed,4,3.3659744262695312,157,1610.0,5,False,True
8ee41de795f5,9,threat_l3,allowed,4,3.4537792205810547,355,1336.0,5,False,True
8ee41de795f5,10,threat_l3,allowed,4,2.4331254959106445,257,289.0,5,False,True
8ee41de795f5,11,threat_l3,allowed,4,3.2437262535095215,430,1063.0,5,False,True
8ee41de795f5,12,threat_l3,allowed,4,4.313483715057373,821,658.0,5,False,True
8ee41de795f5,13,threat_l3,allowed,4,2.482603073120117,85,1151.0,5,False,True
8ee41de795f5,14,threat_l3,allowed,4,1.997452735900879,128,739.0,5,False,True
8ee41de795f5,15,threat_l3,allowed,4,2.6077561378479004,382,1081.0,5,False,True
8ee41de795f5,16,threat_l3,allowed,4,2.3182590007781982,224,577.0,5,False,True
8ee41de795f5,17,threat_l3,allowed,4,4.61387300491333,675,498.0,5,False,True
8ee41de795f5,18,threat_l3,allowed,4,2.3406448364257812,259,596.0,5,False,True
8ee41de795f5,19,threat_l3,allowed,4,2.4602279663085938,265,280.0,5,False,True
8ee41de795f5,20,threat_l3,allowed,4,4.391936779022217,845,963.0,5,False,True
8ee41de795f5,21,threat_l3,allowed,4,5.023533344268799,270,1114.0,5,False,True
8ee41de795f5,22,threat_l3,allowed,4,2.1901063919067383,344,533.0,5,False,True
8ee41de795f5,23,threat_l3,allowed,4,1.2278227806091309,34,630.0,5,False,True
8ee41de795f5,24,threat_l3,allowed,4,2.883676052093506,347,603.0,5,False,True
8ee41de795f5,25,threat_l3,allowed,4,2.7691116333007812,388,388.0,5,False,True
8ee41de795f5,26,threat_l3,allowed,4,0.25908827781677246,25,237.0,5,False,True
8ee41de795f5,27,threat_l3,allowed,4,2.843609094619751,717,534.0,5,False,True
8ee41de795f5,28,threat_l3,allowed,4,4.806575298309326,107,496.0,5,False,True
8ee41de795f5,29,threat_l3,allowed,4,2.509840726852417,57,178.0,5,False,True
8ee41de795f5,30,threat_l3,allowed,4,3.1270389556884766,83,421.0,5,False,True
8fd5dd07d054,1,threat_l1,allowed,2,1.3050812482833862,5272,2450.0,5,False,False
8fd5dd07d054,2,threat_l1,allowed,2,2.5422816276550293,659,616.0,4,False,True
8fd5dd07d054,3,threat_l1,allowed,2,2.9303131103515625,1818,11134.0,4,False,False
8fd5dd07d054,4,threat_l1,allowed,2,2.624922275543213,1050,1613.0,3,False,True
8fd5dd07d054,5,threat_l1,allowed,2,2.5225205421447754,1776,19769.0,3,False,True
8fd5dd07d054,6,threat_l1,allowed,2,2.858098030090332,2684,2674.0,3,False,True
8fd5dd07d054,7,threat_l1,allowed,2,1.4686843156814575,460,1317.0,3,False,True
8fd5dd07d054,8,threat_l1,allowed,2,3.3420042991638184,587,849.0,3,False,True
8fd5dd07d054,9,threat_l1,allowed,2,1.8488364219665527,351,972.0,3,False,True
8fd5dd07d054,10,threat_l1,allowed,2,2.8062891960144043,529,1462.0,3,False,True
8fd5dd07d054,11,threat_l1,allowed,2,1.2837307453155518,193,1236.0,3,False,True
8fd5dd07d054,12,threat_l1,allowed,2,2.095822334289551,351,1009.0,3,False,True
8fd5dd07d054,13,threat_l1,allowed,2,3.87738037109375,2788,647.0,3,False,True
8fd5dd07d054,14,threat_l1,allowed,2,1.5241727828979492,287,961.0,3,False,True
8fd5dd07d054,15,threat_l1,allowed,2,2.5536320209503174,346,493.0,3,False,True
8fd5dd07d054,16,threat_l1,allowed,2,2.903426170349121,237,772.0,3,False,True
8fd5dd07d054,17,threat_l1,allowed,2,2.2955775260925293,372,881.0,3,False,True
8fd5dd07d054,18,threat_l1,allowed,2,2.2031421661376953,321,585.0,3,False,True
8fd5dd07d054,19,threat_l1,allowed,2,1.037737250328064,76,525.0,3,False,True
8fd5dd07d054,20,threat_l1,allowed,2,2.502415180206299,328,999.0,3,False,True
8fd5dd07d054,21,threat_l1,allowed,2,2.5675764083862305,194,908.0,3,False,True
8fd5dd07d054,22,threat_l1,allowed,2,3.045654058456421,441,465.0,3,False,True
8fd5dd07d054,23,threat_l1,allowed,2,2.343499183654785,57,663.0,3,False,True
8fd5dd07d054,24,threat_l1,allowed,2,1.1385120153427124,166,974.0,3,False,True
8fd5dd07d054,25,threat_l1,allowed,2,1.0499849319458008,308,653.0,3,False,True
8fd5dd07d054,26,threat_l1,allowed,2,1.47727370262146,52,735.0,3,False,True
8fd5dd07d054,27,threat_l1,allowed,2,3.024714708328247,352,862.0,3,False,True
8fd5dd07d054,28,threat_l1,allowed,2,2.2193286418914795,128,354.0,3,False,True
8fd5dd07d054,29,threat_l1,allowed,2,0.5353273153305054,121,431.0,3,False,True
8fd5dd07d054,30,threat_l1,allowed,2,1.4775099754333496,343,1295.0,3,False,True
9218ee1ef13a,1,threat_l3,not_allowed,4,2.5415172576904297,4149,,5,False,True
9218ee1ef13a,2,threat_l3,not_allowed,4,2.6043167114257812,5788,,5,False,True
9218ee1ef13a,3,threat_l3,not_allowed,4,2.5615758895874023,491,,5,False,True
9218ee1ef13a,4,threat_l3,not_allowed,4,1.610295057296753,178,,5,False,True
9218ee1ef13a,5,threat_l3,not_allowed,4,2.1106276512145996,280,,5,False,True
9218ee1ef13a,6,threat_l3,not_allowed,4,1.7182103395462036,189,,5,False,True
9218ee1ef13a,7,threat_l3,not_allowed,4,1.3440461158752441,208,,5,False,True
9218ee1ef13a,8,threat_l3,not_allowed,4,1.5615452527999878,87,,5,False,True
9218ee1ef13a,9,threat_l3,not_allowed,4,3.705565929412842,120,,5,False,True
9218ee1ef13a,10,threat_l3,not_allowed,4,1.3805128335952759,120,,5,False,True
9218ee1ef13a,11,threat_l3,not_allowed,4,2.0384647846221924,177,,5,False,True
9218ee1ef13a,12,threat_l3,not_allowed,4,3.6347734928131104,264,,5,False,True
9218ee1ef13a,13,threat_l3,not_allowed,4,1.0788135528564453,47,,5,False,True
9218ee1ef13a,14,threat_l3,not_allowed,4,1.3374407291412354,227,,5,False,True
9218ee1ef13a,15,threat_l3,not_allowed,4,4.220870494842529,93,,5,False,True
9218ee1ef13a,16,threat_l3,not_allowed,4,1.4226154088974,84,,5,False,True
9218ee1ef13a,17,threat_l3,not_allowed,4,1.825469732284546,278,,5,False,True
9218ee1ef13a,18,threat_l3,not_allowed,4,2.9683237075805664,189,,5,False,True
9218ee1ef13a,19,threat_l3,not_allowed,4,1.5211455821990967,73,,5,False,True
9218ee1ef13a,20,threat_l3,not_allowed,4,2.549346446990967,384,,5,False,True
9218ee1ef13a,21,threat_l3,not_allowed,4,1.5761834383010864,58,,5,False,True
9218ee1ef13a,22,threat_l3,not_allowed,4,1.2739521265029907,45,,5,False,True
9218ee1ef13a,23,threat_l3,not_allowed,4,4.169771194458008,77,,5,False,True
9218ee1ef13a,24,threat_l3,not_allowed,4,0.7920149564743042,59,,5,False,True
9218ee1ef13a,25,threat_l3,not_allowed,4,0.7593178749084473,28,,5,False,True
9218ee1ef13a,26,threat_l3,not_allowed,4,1.1338227987289429,47,,5,False,True
9218ee1ef13a,27,threat_l3,not_allowed,4,3.456692695617676,60,,5,False,True
9218ee1ef13a,28,threat_l3,not_allowed,4,1.235626459121704,64,,5,False,True
9218ee1ef13a,29,threat_l3,not_allowed,4,4.262999534606934,155,,5,False,True
9218ee1ef13a,30,threat_l3,not_allowed,4,1.7920368909835815,50,,5,False,True
9338c94f4d5c,1,threat_l2,allowed,3,3.0655171871185303,4893,641.0,5,False,False
9338c94f4d5c,2,threat_l2,allowed,3,2.9307303428649902,1242,709.0,4,False,True
9338c94f4d5c,3,threat_l2,allowed,3,2.809638738632202,4466,4225.0,4,False,False
9338c94f4d5c,4,threat_l2,allowed,3,2.199404716491699,855,9240.0,3,False,True
9338c94f4d5c,5,threat_l2,allowed,3,2.2805063724517822,1258,4854.0,3,False,False
9338c94f4d5c,6,threat_l2,allowed,3,4.100617408752441,1180,1110.0,2,False,True
9338c94f4d5c,7,threat_l2,allowed,3,3.4597625732421875,652,1476.0,2,False,True
9338c94f4d5c,8,threat_l2,allowed,3,3.4264907836914062,2272,3402.0,2,False,False
9338c94f4d5c,9,threat_l2,allowed,3,2.291722297668457,1765,833.0,1,False,True
9338c94f4d5c,10,threat_l2,allowed,3,2.2543270587921143,590,3138.0,1,False,True
9338c94f4d5c,11,threat_l2,allowed,3,2.3131697177886963,670,1825.0,1,False,True
9338c94f4d5c,12,threat_l2,allowed,3,3.2745652198791504,427,2251.0,1,False,True
9338c94f4d5c,13,threat_l2,allowed,3,3.6708879470825195,1009,3025.0,1,False,True
9338c94f4d5c,14,threat_l2,allowed,3,2.7170698642730713,1340,2093.0,1,False,True
9338c94f4d5c,15,threat_l2,allowed,3,1.9838173389434814,631,1778.0,1,False,True
9338c94f4d5c,16,threat_l2,allowed,3,3.1538960933685303,1279,1830.0,1,False,True
9338c94f4d5c,17,threat_l2,allowed,3,3.2949118614196777,274,1294.0,1,False,True
9338c94f4d5c,18,threat_l2,allowed,3,2.539189100265503,644,2380.0,1,False,True
9338c94f4d5c,19,threat_l2,allowed,3,2.1841602325439453,355,2058.0,1,False,True
9338c94f4d5c,20,threat_l2,allowed,3,2.9301581382751465,396,791.0,1,False,True
9338c94f4d5c,21,threat_l2,allowed,3,2.6276707649230957,413,1982.0,1,False,True
9338c94f4d5c,22,threat_l2,allowed,3,1.1212193965911865,283,839.0,1,False,True
9338c94f4d5c,23,threat_l2,allowed,3,2.911808490753174,350,1295.0,1,False,True
9338c94f4d5c,24,threat_l2,allowed,3,2.4095113277435303,341,1326.0,1,False,True
9338c94f4d5c,25,threat_l2,allowed,3,2.3427748680114746,483,1748.0,1,False,True
9338c94f4d5c,26,threat_l2,allowed,3,2.86685848236084,315,1005.0,1,False,True
9338c94f4d5c,27,threat_l2,allowed,3,3.095552921295166,664,1473.0,1,False,True
9338c94f4d5c,28,threat_l2,allowed,3,0.5135176181793213,43,2150.0,1,False,True
9338c94f4d5c,29,threat_l2,allowed,3,2.262089490890503,57,479.0,1,False,True
9338c94f4d5c,30,threat_l2,allowed,3,3.5319106578826904,295,2002.0,1,False,True
971554be9814,1,true_baseline,not_allowed,0,1.0432531833648682,6961,,5,False,False
971554be9814,2,true_baseline,not_allowed,0,1.2846753597259521,2835,,4,False,True
971554be9814,3,true_baseline,not_allowed,0,0.41731464862823486,823,,4,False,False
971554be9814,4,true_baseline,not_allowed,0,1.288336992263794,298,,3,False,True
971554be9814,5,true_baseline,not_allowed,0,1.6231731176376343,774,,3,False,True
971554be9814,6,true_baseline,not_allowed,0,1.2139701843261719,341,,3,False,True
971554be9814,7,true_baseline,not_allowed,0,1.5547454357147217,236,,3,False,True
971554be9814,8,true_baseline,not_allowed,0,2.191444158554077,236,,3,False,True
971554be9814,9,true_baseline,not_allowed,0,1.5260319709777832,221,,3,False,True
971554be9814,10,true_baseline,not_allowed,0,1.4364348649978638,294,,3,False,True
971554be9814,11,true_baseline,not_allowed,0,1.4607728719711304,227,,3,False,True
971554be9814,12,true_baseline,not_allowed,0,1.1072986125946045,198,,3,False,True
971554be9814,13,true_baseline,not_allowed,0,1.9272466897964478,202,,3,False,True
971554be9814,14,true_baseline,not_allowed,0,1.2718373537063599,261,,3,False,True
971554be9814,15,true_baseline,not_allowed,0,1.1130025386810303,601,,3,False,True
971554be9814,16,true_baseline,not_allowed,0,0.9681342840194702,234,,3,False,True
971554be9814,17,true_baseline,not_allowed,0,1.2496308088302612,192,,3,False,True
971554be9814,18,true_baseline,not_allowed,0,1.6647628545761108,495,,3,False,True
971554be9814,19,true_baseline,not_allowed,0,1.4277509450912476,327,,3,False,True
971554be9814,20,true_baseline,not_allowed,0,1.2016565799713135,352,,3,False,True
971554be9814,21,true_baseline,not_allowed,0,1.1433939933776855,172,,3,False,True
971554be9814,22,true_baseline,not_allowed,0,0.6630113124847412,291,,3,False,True
971554be9814,23,true_baseline,not_allowed,0,1.547445297241211,189,,3,False,True
971554be9814,24,true_baseline,not_allowed,0,1.2602410316467285,129,,3,False,True
971554be9814,25,true_baseline,not_allowed,0,1.2280890941619873,35,,3,False,True
971554be9814,26,true_baseline,not_allowed,0,0.8783990144729614,81,,3,False,True
971554be9814,27,true_baseline,not_allowed,0,1.9644747972488403,138,,3,False,True
971554be9814,28,true_baseline,not_allowed,0,1.1741077899932861,124,,3,False,True
971554be9814,29,true_baseline,not_allowed,0,0.6130936145782471,58,,3,False,True
971554be9814,30,true_baseline,not_allowed,0,1.6999757289886475,155,,3,False,True
976a8d6ee1cc,1,threat_l2,allowed,3,1.89730703830719,4800,2488.0,5,False,False
976a8d6ee1cc,2,threat_l2,allowed,3,3.058516502380371,5330,6879.0,4,False,True
976a8d6ee1cc,3,threat_l2,allowed,3,3.310314655303955,6179,8509.0,4,False,False
976a8d6ee1cc,4,threat_l2,allowed,3,2.043128252029419,1053,2649.0,3,False,True
976a8d6ee1cc,5,threat_l2,allowed,3,3.0774340629577637,6934,5666.0,3,False,False
976a8d6ee1cc,6,threat_l2,allowed,3,3.545771598815918,3329,7425.0,2,False,True
976a8d6ee1cc,7,threat_l2,allowed,3,2.748717784881592,2035,1689.0,2,False,True
976a8d6ee1cc,8,threat_l2,allowed,3,1.926790475845337,336,1826.0,2,False,True
976a8d6ee1cc,9,threat_l2,allowed,3,3.482150077819824,1806,779.0,2,False,True
976a8d6ee1cc,10,threat_l2,allowed,3,2.672989845275879,960,949.0,2,False,True
976a8d6ee1cc,11,threat_l2,allowed,3,2.048459529876709,841,1881.0,2,False,True
976a8d6ee1cc,12,threat_l2,allowed,3,1.418698787689209,255,1074.0,2,False,True
976a8d6ee1cc,13,threat_l2,allowed,3,2.2421481609344482,230,1244.0,2,False,True
976a8d6ee1cc,14,threat_l2,allowed,3,2.591200828552246,941,1281.0,2,False,True
976a8d6ee1cc,15,threat_l2,allowed,3,1.4738633632659912,226,826.0,2,False,True
976a8d6ee1cc,16,threat_l2,allowed,3,2.3642075061798096,937,980.0,2,False,True
976a8d6ee1cc,17,threat_l2,allowed,3,3.1323795318603516,1127,827.0,2,False,True
976a8d6ee1cc,18,threat_l2,allowed,3,3.157271146774292,428,1536.0,2,False,True
976a8d6ee1cc,19,threat_l2,allowed,3,2.001404047012329,409,578.0,2,False,True
976a8d6ee1cc,20,threat_l2,allowed,3,1.0852272510528564,638,901.0,2,False,True
976a8d6ee1cc,21,threat_l2,allowed,3,3.0577902793884277,383,1318.0,2,False,True
976a8d6ee1cc,22,threat_l2,allowed,3,3.3585660457611084,528,405.0,2,False,True
976a8d6ee1cc,23,threat_l2,allowed,3,1.9456064701080322,420,1564.0,2,False,True
976a8d6ee1cc,24,threat_l2,allowed,3,1.8216525316238403,486,1193.0,2,False,True
976a8d6ee1cc,25,threat_l2,allowed,3,0.3568955659866333,182,752.0,2,False,True
976a8d6ee1cc,26,threat_l2,allowed,3,2.134012222290039,546,783.0,2,False,True
976a8d6ee1cc,27,threat_l2,allowed,3,1.4020954370498657,289,569.0,2,False,True
976a8d6ee1cc,28,threat_l2,allowed,3,1.783568263053894,546,585.0,2,False,True
976a8d6ee1cc,29,threat_l2,allowed,3,3.3439159393310547,1437,897.0,2,False,True
976a8d6ee1cc,30,threat_l2,allowed,3,2.4501893520355225,390,1146.0,2,False,True
9a279226c2a6,1,threat_l1,not_allowed,2,2.3111135959625244,2046,,5,False,False
9a279226c2a6,2,threat_l1,not_allowed,2,2.402057409286499,10555,,4,False,True
9a279226c2a6,3,threat_l1,not_allowed,2,3.1201486587524414,5138,,4,False,False
9a279226c2a6,4,threat_l1,not_allowed,2,2.9136314392089844,650,,3,False,True
9a279226c2a6,5,threat_l1,not_allowed,2,2.0808775424957275,2434,,3,False,False
9a279226c2a6,6,threat_l1,not_allowed,2,1.414320945739746,1028,,2,False,False
9a279226c2a6,7,threat_l1,not_allowed,2,2.247201681137085,704,,1,False,True
9a279226c2a6,8,threat_l1,not_allowed,2,1.9370275735855103,1187,,1,False,True
9a279226c2a6,9,threat_l1,not_allowed,2,2.667665958404541,2442,,1,False,False
9b0dd2ed2b3d,1,threat_l1,not_allowed,2,2.0207056999206543,841,,5,False,False
9b0dd2ed2b3d,2,threat_l1,not_allowed,2,1.6806821823120117,788,,4,False,True
9b0dd2ed2b3d,3,threat_l1,not_allowed,2,2.523787260055542,4664,,4,False,False
9b0dd2ed2b3d,4,threat_l1,not_allowed,2,1.7454739809036255,509,,3,False,True
9b0dd2ed2b3d,5,threat_l1,not_allowed,2,1.2643847465515137,189,,3,False,True
9b0dd2ed2b3d,6,threat_l1,not_allowed,2,1.7615149021148682,488,,3,False,True
9b0dd2ed2b3d,7,threat_l1,not_allowed,2,1.8365883827209473,611,,3,False,True
9b0dd2ed2b3d,8,threat_l1,not_allowed,2,1.2133756875991821,199,,3,False,True
9b0dd2ed2b3d,9,threat_l1,not_allowed,2,2.078282117843628,259,,3,False,True
9b0dd2ed2b3d,10,threat_l1,not_allowed,2,2.2628633975982666,301,,3,False,True
9b0dd2ed2b3d,11,threat_l1,not_allowed,2,1.7550967931747437,187,,3,False,True
9b0dd2ed2b3d,12,threat_l1,not_allowed,2,1.2263994216918945,270,,3,False,True
9b0dd2ed2b3d,13,threat_l1,not_allowed,2,1.4712746143341064,84,,3,False,True
9b0dd2ed2b3d,14,threat_l1,not_allowed,2,1.8135054111480713,480,,3,False,True
9b0dd2ed2b3d,15,threat_l1,not_allowed,2,0.9486654996871948,46,,3,False,True
9b0dd2ed2b3d,16,threat_l1,not_allowed,2,1.2305896282196045,250,,3,False,True
9b0dd2ed2b3d,17,threat_l1,not_allowed,2,1.320113182067871,263,,3,False,True
9b0dd2ed2b3d,18,threat_l1,not_allowed,2,2.1741042137145996,272,,3,False,True
9b0dd2ed2b3d,19,threat_l1,not_allowed,2,1.3117170333862305,442,,3,False,True
9b0dd2ed2b3d,20,threat_l1,not_allowed,2,1.0648599863052368,233,,3,False,True
9b0dd2ed2b3d,21,threat_l1,not_allowed,2,0.5786025524139404,21,,3,False,True
9b0dd2ed2b3d,22,threat_l1,not_allowed,2,0.9824457168579102,273,,3,False,True
9b0dd2ed2b3d,23,threat_l1,not_allowed,2,2.80218243598938,289,,3,False,True
9b0dd2ed2b3d,24,threat_l1,not_allowed,2,2.9363110065460205,449,,3,False,True
9b0dd2ed2b3d,25,threat_l1,not_allowed,2,1.176464557647705,480,,3,False,True
9b0dd2ed2b3d,26,threat_l1,not_allowed,2,3.750596284866333,42,,3,False,True
9b0dd2ed2b3d,27,threat_l1,not_allowed,2,1.111918568611145,182,,3,False,True
9b0dd2ed2b3d,28,threat_l1,not_allowed,2,1.4981043338775635,29,,3,False,True
9b0dd2ed2b3d,29,threat_l1,not_allowed,2,2.260939598083496,216,,3,False,True
9b0dd2ed2b3d,30,threat_l1,not_allowed,2,3.5917725563049316,47,,3,False,True
9ba9ca766e6c,1,threat_l3,allowed,4,1.9122666120529175,2291,1897.0,5,False,False
9ba9ca766e6c,2,threat_l3,allowed,4,2.573465585708618,8527,1734.0,4,False,True
9ba9ca766e6c,3,threat_l3,allowed,4,2.9440622329711914,4851,4296.0,4,False,False
9ba9ca766e6c,4,threat_l3,allowed,4,2.4992189407348633,3960,4133.0,3,False,True
9ba9ca766e6c,5,threat_l3,allowed,4,2.082099676132202,12574,5114.0,3,False,False
9ba9ca766e6c,6,threat_l3,allowed,4,2.7355644702911377,1060,1866.0,2,False,True
9ba9ca766e6c,7,threat_l3,allowed,4,2.6805899143218994,7107,4680.0,2,False,False
9ba9ca766e6c,8,threat_l3,allowed,4,2.7194206714630127,474,3934.0,1,True,False
9be27e50d6d9,1,threat_l2,not_allowed,3,2.428528308868408,5023,,5,False,False
9be27e50d6d9,2,threat_l2,not_allowed,3,2.986997127532959,3492,,4,False,True
9be27e50d6d9,3,threat_l2,not_allowed,3,2.017995834350586,2526,,4,False,False
9be27e50d6d9,4,threat_l2,not_allowed,3,2.2665586471557617,2711,,3,False,True
9be27e50d6d9,5,threat_l2,not_allowed,3,2.045966148376465,954,,3,False,False
9be27e50d6d9,6,threat_l2,not_allowed,3,2.6514930725097656,2560,,2,False,True
9be27e50d6d9,7,threat_l2,not_allowed,3,2.4462876319885254,885,,2,False,True
9be27e50d6d9,8,threat_l2,not_allowed,3,1.2351958751678467,426,,2,False,True
9be27e50d6d9,9,threat_l2,not_allowed,3,2.5013222694396973,341,,2,False,True
9be27e50d6d9,10,threat_l2,not_allowed,3,2.7109832763671875,399,,2,False,True
9be27e50d6d9,11,threat_l2,not_allowed,3,2.0250935554504395,554,,2,False,True
9be27e50d6d9,12,threat_l2,not_allowed,3,2.458162784576416,234,,2,False,True
9be27e50d6d9,13,threat_l2,not_allowed,3,2.4735124111175537,429,,2,False,True
9be27e50d6d9,14,threat_l2,not_allowed,3,2.802877187728882,859,,2,False,True
9be27e50d6d9,15,threat_l2,not_allowed,3,1.7982481718063354,360,,2,False,True
9be27e50d6d9,16,threat_l2,not_allowed,3,2.1019442081451416,348,,2,False,True
9be27e50d6d9,17,threat_l2,not_allowed,3,3.003675937652588,459,,2,False,True
9be27e50d6d9,18,threat_l2,not_allowed,3,2.5372626781463623,217,,2,False,True
9be27e50d6d9,19,threat_l2,not_allowed,3,1.1179678440093994,72,,2,False,True
9be27e50d6d9,20,threat_l2,not_allowed,3,3.1886699199676514,397,,2,False,True
9be27e50d6d9,21,threat_l2,not_allowed,3,2.2165188789367676,74,,2,False,True
9be27e50d6d9,22,threat_l2,not_allowed,3,1.955826997756958,315,,2,False,True
9be27e50d6d9,23,threat_l2,not_allowed,3,3.0503275394439697,313,,2,False,True
9be27e50d6d9,24,threat_l2,not_allowed,3,3.0178303718566895,288,,2,False,True
9be27e50d6d9,25,threat_l2,not_allowed,3,1.4791561365127563,136,,2,False,True
9be27e50d6d9,26,threat_l2,not_allowed,3,3.002815008163452,386,,2,False,True
9be27e50d6d9,27,threat_l2,not_allowed,3,2.283447504043579,56,,2,False,True
9be27e50d6d9,28,threat_l2,not_allowed,3,3.444396495819092,1008,,2,False,True
9be27e50d6d9,29,threat_l2,not_allowed,3,3.282850980758667,236,,2,False,True
9be27e50d6d9,30,threat_l2,not_allowed,3,3.3441247940063477,518,,2,False,True
9d3ed8de393c,1,baseline_flagship,not_allowed,1,1.8788094520568848,1321,,5,False,False
9d3ed8de393c,2,baseline_flagship,not_allowed,1,0.8358100652694702,1044,,4,False,True
9d3ed8de393c,3,baseline_flagship,not_allowed,1,2.3132095336914062,2721,,4,False,False
9d3ed8de393c,4,baseline_flagship,not_allowed,1,1.7885311841964722,1074,,3,False,True
9d3ed8de393c,5,baseline_flagship,not_allowed,1,1.9130001068115234,874,,3,False,True
9d3ed8de393c,6,baseline_flagship,not_allowed,1,1.273560881614685,451,,3,False,True
9d3ed8de393c,7,baseline_flagship,not_allowed,1,1.9709504842758179,303,,3,False,True
9d3ed8de393c,8,baseline_flagship,not_allowed,1,2.665750503540039,6100,,3,False,True
9d3ed8de393c,9,baseline_flagship,not_allowed,1,1.4204736948013306,220,,3,False,True
9d3ed8de393c,10,baseline_flagship,not_allowed,1,1.7820749282836914,290,,3,False,True
9d3ed8de393c,11,baseline_flagship,not_allowed,1,2.037442684173584,520,,3,False,True
9d3ed8de393c,12,baseline_flagship,not_allowed,1,1.6017704010009766,293,,3,False,True
9d3ed8de393c,13,baseline_flagship,not_allowed,1,1.2808260917663574,289,,3,False,True
9d3ed8de393c,14,baseline_flagship,not_allowed,1,2.2230849266052246,979,,3,False,True
9d3ed8de393c,15,baseline_flagship,not_allowed,1,1.6662137508392334,304,,3,False,True
9d3ed8de393c,16,baseline_flagship,not_allowed,1,1.0837063789367676,81,,3,False,True
9d3ed8de393c,17,baseline_flagship,not_allowed,1,2.0770487785339355,257,,3,False,True
9d3ed8de393c,18,baseline_flagship,not_allowed,1,1.6245291233062744,383,,3,False,True
9d3ed8de393c,19,baseline_flagship,not_allowed,1,1.709863305091858,221,,3,False,True
9d3ed8de393c,20,baseline_flagship,not_allowed,1,0.8039891719818115,245,,3,False,True
9d3ed8de393c,21,baseline_flagship,not_allowed,1,1.7509868144989014,270,,3,False,True
9d3ed8de393c,22,baseline_flagship,not_allowed,1,0.22514724731445312,99,,3,False,True
9d3ed8de393c,23,baseline_flagship,not_allowed,1,0.9008920192718506,322,,3,False,True
9d3ed8de393c,24,baseline_flagship,not_allowed,1,2.4213335514068604,322,,3,False,True
9d3ed8de393c,25,baseline_flagship,not_allowed,1,1.5420300960540771,90,,3,False,True
9d3ed8de393c,26,baseline_flagship,not_allowed,1,1.283280611038208,76,,3,False,True
9d3ed8de393c,27,baseline_flagship,not_allowed,1,1.655107021331787,715,,3,False,True
9d3ed8de393c,28,baseline_flagship,not_allowed,1,2.330369710922241,34,,3,False,True
9d3ed8de393c,29,baseline_flagship,not_allowed,1,1.0823121070861816,37,,3,False,True
9d3ed8de393c,30,baseline_flagship,not_allowed,1,0.20662057399749756,358,,3,False,True
9fc1fd263022,1,baseline_flagship,allowed,1,1.5309371948242188,1139,3221.0,5,False,False
9fc1fd263022,2,baseline_flagship,allowed,1,0.7851742506027222,456,3868.0,4,False,True
9fc1fd263022,3,baseline_flagship,allowed,1,2.2658209800720215,9887,4211.0,4,False,False
9fc1fd263022,4,baseline_flagship,allowed,1,1.3683626651763916,148,4810.0,3,False,True
9fc1fd263022,5,baseline_flagship,allowed,1,2.207017660140991,520,3125.0,3,False,False
9fc1fd263022,6,baseline_flagship,allowed,1,1.5772860050201416,1678,4154.0,2,False,True
9fc1fd263022,7,baseline_flagship,allowed,1,1.9154914617538452,1158,3658.0,2,False,True
9fc1fd263022,8,baseline_flagship,allowed,1,1.4571611881256104,459,1794.0,2,False,True
9fc1fd263022,9,baseline_flagship,allowed,1,1.5518169403076172,309,1916.0,2,False,True
9fc1fd263022,10,baseline_flagship,allowed,1,1.0238466262817383,248,1779.0,2,False,True
9fc1fd263022,11,baseline_flagship,allowed,1,1.5794988870620728,315,9824.0,2,True,False
9fc91a495891,1,true_baseline,allowed,0,1.911948561668396,691,1538.0,5,False,True
9fc91a495891,2,true_baseline,allowed,0,2.387502670288086,234,222.0,5,False,True
9fc91a495891,3,true_baseline,allowed,0,2.1984903812408447,3058,870.0,5,False,True
9fc91a495891,4,true_baseline,allowed,0,1.6030265092849731,98,351.0,5,False,True
9fc91a495891,5,true_baseline,allowed,0,1.4994038343429565,300,1703.0,5,False,True
9fc91a495891,6,true_baseline,allowed,0,1.556391954421997,106,1054.0,5,False,True
9fc91a495891,7,true_baseline,allowed,0,1.2401719093322754,39,377.0,5,False,True
9fc91a495891,8,true_baseline,allowed,0,0.9730651378631592,50,738.0,5,False,True
9fc91a495891,9,true_baseline,allowed,0,1.7374992370605469,59,134.0,5,False,True
9fc91a495891,10,true_baseline,allowed,0,1.8553762435913086,126,403.0,5,False,True
9fc91a495891,11,true_baseline,allowed,0,1.1186273097991943,43,375.0,5,False,True
9fc91a495891,12,true_baseline,allowed,0,0.7410790920257568,144,661.0,5,False,True
9fc91a495891,13,true_baseline,allowed,0,1.4116051197052002,75,221.0,5,False,True
9fc91a495891,14,true_baseline,allowed,0,0.839012622833252,33,409.0,5,False,True
9fc91a495891,15,true_baseline,allowed,0,1.5729272365570068,52,220.0,5,False,True
9fc91a495891,16,true_baseline,allowed,0,1.5166659355163574,73,545.0,5,False,True
9fc91a495891,17,true_baseline,allowed,0,1.4391957521438599,33,348.0,5,False,True
9fc91a495891,18,true_baseline,allowed,0,2.0321450233459473,33,238.0,5,False,True
9fc91a495891,19,true_baseline,allowed,0,1.9174740314483643,41,297.0,5,False,True
9fc91a495891,20,true_baseline,allowed,0,3.0881333351135254,49,382.0,5,False,True
9fc91a495891,21,true_baseline,allowed,0,2.060525894165039,49,583.0,5,False,True
9fc91a495891,22,true_baseline,allowed,0,1.5498921871185303,59,173.0,5,False,True
9fc91a495891,23,true_baseline,allowed,0,1.1936328411102295,49,100.0,5,False,True
9fc91a495891,24,true_baseline,allowed,0,1.4232234954833984,53,320.0,5,False,True
9fc91a495891,25,true_baseline,allowed,0,2.1339035034179688,54,593.0,5,False,True
9fc91a495891,26,true_baseline,allowed,0,2.2012927532196045,45,248.0,5,False,True
9fc91a495891,27,true_baseline,allowed,0,1.5613715648651123,40,304.0,5,False,True
9fc91a495891,28,true_baseline,allowed,0,2.260226249694824,58,246.0,5,False,True
9fc91a495891,29,true_baseline,allowed,0,1.7025997638702393,48,406.0,5,False,True
9fc91a495891,30,true_baseline,allowed,0,2.370493173599243,38,164.0,5,False,True
a222a22755b9,1,threat_l3,not_allowed,4,1.8772631883621216,2781,,5,False,False
a222a22755b9,2,threat_l3,not_allowed,4,2.523944616317749,3900,,4,False,True
a222a22755b9,3,threat_l3,not_allowed,4,1.8187512159347534,8625,,4,False,False
a222a22755b9,4,threat_l3,not_allowed,4,1.8468738794326782,2472,,3,False,True
a222a22755b9,5,threat_l3,not_allowed,4,1.6919214725494385,696,,3,False,True
a222a22755b9,6,threat_l3,not_allowed,4,1.947436809539795,2337,,3,False,False
a222a22755b9,7,threat_l3,not_allowed,4,2.8340954780578613,12522,,2,False,False
a222a22755b9,8,threat_l3,not_allowed,4,1.051181435585022,1800,,1,False,True
a222a22755b9,9,threat_l3,not_allowed,4,2.135697364807129,604,,1,False,True
a222a22755b9,10,threat_l3,not_allowed,4,2.430675983428955,5932,,1,False,False
a31a7898d601,1,threat_l2,not_allowed,3,2.1928064823150635,1748,,5,False,False
a31a7898d601,2,threat_l2,not_allowed,3,3.135026454925537,2475,,4,False,True
a31a7898d601,3,threat_l2,not_allowed,3,3.0430703163146973,4195,,4,False,False
a31a7898d601,4,threat_l2,not_allowed,3,2.5380191802978516,3168,,3,False,True
a31a7898d601,5,threat_l2,not_allowed,3,2.2569518089294434,381,,3,False,False
a31a7898d601,6,threat_l2,not_allowed,3,3.2616801261901855,3818,,2,False,False
a31a7898d601,7,threat_l2,not_allowed,3,2.817336320877075,925,,1,False,True
a31a7898d601,8,threat_l2,not_allowed,3,2.667461395263672,789,,1,False,True
a31a7898d601,9,threat_l2,not_allowed,3,2.1742730140686035,357,,1,False,True
a31a7898d601,10,threat_l2,not_allowed,3,3.3483381271362305,2819,,1,False,True
a31a7898d601,11,threat_l2,not_allowed,3,2.0803909301757812,1336,,1,False,True
a31a7898d601,12,threat_l2,not_allowed,3,2.1358463764190674,1505,,1,False,True
a31a7898d601,13,threat_l2,not_allowed,3,2.6453146934509277,805,,1,False,True
a31a7898d601,14,threat_l2,not_allowed,3,2.522003173828125,602,,1,False,True
a31a7898d601,15,threat_l2,not_allowed,3,3.1118531227111816,831,,1,False,True
a31a7898d601,16,threat_l2,not_allowed,3,3.650035858154297,550,,1,False,True
a31a7898d601,17,threat_l2,not_allowed,3,2.071849822998047,814,,1,False,True
a31a7898d601,18,threat_l2,not_allowed,3,1.4082705974578857,373,,1,False,True
a31a7898d601,19,threat_l2,not_allowed,3,2.690438747406006,310,,1,False,True
a31a7898d601,20,threat_l2,not_allowed,3,3.018956184387207,984,,1,False,True
a31a7898d601,21,threat_l2,not_allowed,3,1.3616570234298706,350,,1,False,True
a31a7898d601,22,threat_l2,not_allowed,3,2.955493927001953,585,,1,False,True
a31a7898d601,23,threat_l2,not_allowed,3,2.021075487136841,516,,1,False,True
a31a7898d601,24,threat_l2,not_allowed,3,3.7102785110473633,813,,1,False,True
a31a7898d601,25,threat_l2,not_allowed,3,2.393799304962158,623,,1,False,True
a31a7898d601,26,threat_l2,not_allowed,3,2.990600109100342,309,,1,False,True
a31a7898d601,27,threat_l2,not_allowed,3,3.185351848602295,494,,1,False,True
a31a7898d601,28,threat_l2,not_allowed,3,2.978259563446045,636,,1,False,True
a31a7898d601,29,threat_l2,not_allowed,3,3.3115501403808594,145,,1,False,True
a31a7898d601,30,threat_l2,not_allowed,3,2.3555614948272705,594,,1,False,True
a51455871a41,1,threat_l2,allowed,3,1.560036063194275,1729,831.0,5,False,False
a51455871a41,2,threat_l2,allowed,3,1.3764817714691162,469,3351.0,4,False,True
a51455871a41,3,threat_l2,allowed,3,2.865544557571411,2649,6031.0,4,False,False
a51455871a41,4,threat_l2,allowed,3,3.074143886566162,2834,2239.0,3,False,True
a51455871a41,5,threat_l2,allowed,3,3.006985664367676,1826,6298.0,3,False,False
a51455871a41,6,threat_l2,allowed,3,3.2890515327453613,2644,2868.0,2,False,False
a51455871a41,7,threat_l2,allowed,3,2.5905282497406006,5883,2409.0,1,False,True
a51455871a41,8,threat_l2,allowed,3,2.644857883453369,620,2633.0,1,False,True
a51455871a41,9,threat_l2,allowed,3,2.2772207260131836,1156,3294.0,1,False,True
a51455871a41,10,threat_l2,allowed,3,3.0595438480377197,628,3988.0,1,False,True
a51455871a41,11,threat_l2,allowed,3,2.225388526916504,956,2008.0,1,False,True
a51455871a41,12,threat_l2,allowed,3,3.8095009326934814,1109,2262.0,1,False,True
a51455871a41,13,threat_l2,allowed,3,2.8487448692321777,580,12874.0,1,False,True
a51455871a41,14,threat_l2,allowed,3,2.8184115886688232,1337,2120.0,1,False,True
a51455871a41,15,threat_l2,allowed,3,2.1068689823150635,698,2982.0,1,False,True
a51455871a41,16,threat_l2,allowed,3,3.383866310119629,1239,3074.0,1,False,True
a51455871a41,17,threat_l2,allowed,3,3.2401998043060303,1323,1519.0,1,False,True
a51455871a41,18,threat_l2,allowed,3,2.231281280517578,781,1522.0,1,False,True
a51455871a41,19,threat_l2,allowed,3,3.1870250701904297,888,1614.0,1,False,True
a51455871a41,20,threat_l2,allowed,3,2.6832292079925537,567,4947.0,1,False,True
a51455871a41,21,threat_l2,allowed,3,3.0582211017608643,653,3452.0,1,False,True
a51455871a41,22,threat_l2,allowed,3,2.000908851623535,394,705.0,1,False,True
a51455871a41,23,threat_l2,allowed,3,2.6604597568511963,324,1284.0,1,False,True
a51455871a41,24,threat_l2,allowed,3,2.2156665325164795,210,620.0,1,False,True
a51455871a41,25,threat_l2,allowed,3,3.444178581237793,144,3495.0,1,False,True
a51455871a41,26,threat_l2,allowed,3,3.0539212226867676,375,1351.0,1,False,True
a51455871a41,27,threat_l2,allowed,3,2.6993918418884277,417,1549.0,1,False,True
a51455871a41,28,threat_l2,allowed,3,2.9395768642425537,892,963.0,1,False,True
a51455871a41,29,threat_l2,allowed,3,3.9180104732513428,343,1612.0,1,False,True
a51455871a41,30,threat_l2,allowed,3,3.665525197982788,157,1613.0,1,False,True
a8652578aaad,1,baseline_flagship,not_allowed,1,1.1227147579193115,2002,,5,False,False
a8652578aaad,2,baseline_flagship,not_allowed,1,0.5236644744873047,549,,4,False,True
a8652578aaad,3,baseline_flagship,not_allowed,1,1.521828293800354,2087,,4,False,True
a8652578aaad,4,baseline_flagship,not_allowed,1,2.2580761909484863,920,,4,False,True
a8652578aaad,5,baseline_flagship,not_allowed,1,1.8126205205917358,552,,4,False,True
a8652578aaad,6,baseline_flagship,not_allowed,1,-1.2380661964416504,225,,4,False,True
a8652578aaad,7,baseline_flagship,not_allowed,1,1.2435553073883057,214,,4,False,True
a8652578aaad,8,baseline_flagship,not_allowed,1,0.9134232997894287,238,,4,False,True
a8652578aaad,9,baseline_flagship,not_allowed,1,-0.738344669342041,28,,4,False,True
a8652578aaad,10,baseline_flagship,not_allowed,1,1.8752115964889526,156,,4,False,True
a8652578aaad,11,baseline_flagship,not_allowed,1,1.0761454105377197,205,,4,False,True
a8652578aaad,12,baseline_flagship,not_allowed,1,1.5006510019302368,49,,4,False,True
a8652578aaad,13,baseline_flagship,not_allowed,1,2.390984058380127,134,,4,False,True
a8652578aaad,14,baseline_flagship,not_allowed,1,0.18962359428405762,80,,4,False,True
a8652578aaad,15,baseline_flagship,not_allowed,1,0.9250857830047607,240,,4,False,True
a8652578aaad,16,baseline_flagship,not_allowed,1,1.6327694654464722,240,,4,False,True
a8652578aaad,17,baseline_flagship,not_allowed,1,0.9570523500442505,300,,4,False,True
a8652578aaad,18,baseline_flagship,not_allowed,1,1.6172281503677368,344,,4,False,True
a8652578aaad,19,baseline_flagship,not_allowed,1,1.0117805004119873,21,,4,False,True
a8652578aaad,20,baseline_flagship,not_allowed,1,1.1880598068237305,67,,4,False,True
a8652578aaad,21,baseline_flagship,not_allowed,1,1.4446748495101929,304,,4,False,True
a8652578aaad,22,baseline_flagship,not_allowed,1,1.697160243988037,381,,4,False,True
a8652578aaad,23,baseline_flagship,not_allowed,1,0.4719696044921875,21,,4,False,True
a8652578aaad,24,baseline_flagship,not_allowed,1,2.696948289871216,438,,4,False,True
a8652578aaad,25,baseline_flagship,not_allowed,1,1.6335896253585815,62,,4,False,True
a8652578aaad,26,baseline_flagship,not_allowed,1,0.271048903465271,160,,4,False,True
a8652578aaad,27,baseline_flagship,not_allowed,1,0.2827497720718384,44,,4,False,True
a8652578aaad,28,baseline_flagship,not_allowed,1,0.7596511840820312,33,,4,False,True
a8652578aaad,29,baseline_flagship,not_allowed,1,1.9377663135528564,92,,4,False,True
a8652578aaad,30,baseline_flagship,not_allowed,1,0.36757993698120117,75,,4,False,True
ad8befe3312e,1,baseline_flagship,allowed,1,1.9854189157485962,1867,829.0,5,False,False
ad8befe3312e,2,baseline_flagship,allowed,1,0.8498728275299072,957,3459.0,4,False,True
ad8befe3312e,3,baseline_flagship,allowed,1,2.2653770446777344,4030,1326.0,4,False,False
ad8befe3312e,4,baseline_flagship,allowed,1,1.4059302806854248,1100,3408.0,3,False,True
ad8befe3312e,5,baseline_flagship,allowed,1,1.811011791229248,3317,3559.0,3,False,False
ad8befe3312e,6,baseline_flagship,allowed,1,1.8412220478057861,2027,9379.0,2,False,False
ad8befe3312e,7,baseline_flagship,allowed,1,1.8334723711013794,1052,8702.0,1,True,False
ae16f5872ad5,1,baseline_flagship,not_allowed,1,2.205843925476074,546,,5,False,False
ae16f5872ad5,2,baseline_flagship,not_allowed,1,1.7174592018127441,3085,,4,False,True
ae16f5872ad5,3,baseline_flagship,not_allowed,1,1.942281723022461,1611,,4,False,True
ae16f5872ad5,4,baseline_flagship,not_allowed,1,1.5401276350021362,176,,4,False,True
ae16f5872ad5,5,baseline_flagship,not_allowed,1,1.5109665393829346,150,,4,False,True
ae16f5872ad5,6,baseline_flagship,not_allowed,1,0.6533607244491577,150,,4,False,True
ae16f5872ad5,7,baseline_flagship,not_allowed,1,1.4775649309158325,189,,4,False,True
ae16f5872ad5,8,baseline_flagship,not_allowed,1,1.4055426120758057,236,,4,False,True
ae16f5872ad5,9,baseline_flagship,not_allowed,1,0.23996186256408691,201,,4,False,True
ae16f5872ad5,10,baseline_flagship,not_allowed,1,1.007486343383789,228,,4,False,True
ae16f5872ad5,11,baseline_flagship,not_allowed,1,0.5667629241943359,125,,4,False,True
ae16f5872ad5,12,baseline_flagship,not_allowed,1,2.1309475898742676,211,,4,False,True
ae16f5872ad5,13,baseline_flagship,not_allowed,1,1.290311336517334,194,,4,False,True
ae16f5872ad5,14,baseline_flagship,not_allowed,1,1.9673757553100586,219,,4,False,True
ae16f5872ad5,15,baseline_flagship,not_allowed,1,0.65740966796875,110,,4,False,True
ae16f5872ad5,16,baseline_flagship,not_allowed,1,1.0096454620361328,60,,4,False,True
ae16f5872ad5,17,baseline_flagship,not_allowed,1,0.3107635974884033,31,,4,False,True
ae16f5872ad5,18,baseline_flagship,not_allowed,1,2.4177463054656982,67,,4,False,True
ae16f5872ad5,19,baseline_flagship,not_allowed,1,0.028230667114257812,87,,4,False,True
ae16f5872ad5,20,baseline_flagship,not_allowed,1,0.7822983264923096,121,,4,False,True
ae16f5872ad5,21,baseline_flagship,not_allowed,1,0.39815497398376465,43,,4,False,True
ae16f5872ad5,22,baseline_flagship,not_allowed,1,1.4370622634887695,124,,4,False,True
ae16f5872ad5,23,baseline_flagship,not_allowed,1,1.3531969785690308,280,,4,False,True
ae16f5872ad5,24,baseline_flagship,not_allowed,1,1.6278201341629028,25,,4,False,True
ae16f5872ad5,25,baseline_flagship,not_allowed,1,1.5614418983459473,47,,4,False,True
ae16f5872ad5,26,baseline_flagship,not_allowed,1,1.7467001676559448,164,,4,False,True
ae16f5872ad5,27,baseline_flagship,not_allowed,1,0.28756916522979736,91,,4,False,True
ae16f5872ad5,28,baseline_flagship,not_allowed,1,1.213646650314331,86,,4,False,True
ae16f5872ad5,29,baseline_flagship,not_allowed,1,1.0992188453674316,37,,4,False,True
ae16f5872ad5,30,baseline_flagship,not_allowed,1,1.7528986930847168,238,,4,False,True
af86c51a85b1,1,threat_l1,allowed,2,2.2158150672912598,1491,650.0,5,False,False
af86c51a85b1,2,threat_l1,allowed,2,2.574859142303467,851,5616.0,4,False,True
af86c51a85b1,3,threat_l1,allowed,2,2.2820777893066406,12609,8674.0,4,False,False
af86c51a85b1,4,threat_l1,allowed,2,1.819376826286316,1688,8584.0,3,False,True
af86c51a85b1,5,threat_l1,allowed,2,3.1279616355895996,2319,1675.0,3,False,False
af86c51a85b1,6,threat_l1,allowed,2,2.6199464797973633,2224,2315.0,2,False,False
af86c51a85b1,7,threat_l1,allowed,2,1.866227149963379,419,2217.0,1,False,True
af86c51a85b1,8,threat_l1,allowed,2,2.0220296382904053,1489,1455.0,1,False,True
af86c51a85b1,9,threat_l1,allowed,2,2.3000245094299316,767,3199.0,1,False,True
af86c51a85b1,10,threat_l1,allowed,2,2.1759161949157715,1089,2007.0,1,False,True
af86c51a85b1,11,threat_l1,allowed,2,2.4013779163360596,359,2947.0,1,False,True
af86c51a85b1,12,threat_l1,allowed,2,2.8734726905822754,997,837.0,1,False,True
af86c51a85b1,13,threat_l1,allowed,2,3.2221593856811523,446,1688.0,1,False,True
af86c51a85b1,14,threat_l1,allowed,2,2.4466676712036133,601,1674.0,1,False,True
af86c51a85b1,15,threat_l1,allowed,2,2.1192467212677,397,2403.0,1,False,True
af86c51a85b1,16,threat_l1,allowed,2,2.418388843536377,618,1278.0,1,False,True
af86c51a85b1,17,threat_l1,allowed,2,2.412977457046509,390,3011.0,1,False,True
af86c51a85b1,18,threat_l1,allowed,2,2.6712841987609863,576,1317.0,1,False,True
af86c51a85b1,19,threat_l1,allowed,2,2.024451971054077,413,1588.0,1,False,True
af86c51a85b1,20,threat_l1,allowed,2,2.5495572090148926,741,2556.0,1,False,True
af86c51a85b1,21,threat_l1,allowed,2,2.9677224159240723,147,1148.0,1,False,True
af86c51a85b1,22,threat_l1,allowed,2,2.634065628051758,298,933.0,1,False,True
af86c51a85b1,23,threat_l1,allowed,2,2.4214296340942383,404,3036.0,1,False,True
af86c51a85b1,24,threat_l1,allowed,2,2.7990338802337646,185,4147.0,1,False,True
af86c51a85b1,25,threat_l1,allowed,2,2.3857686519622803,475,2116.0,1,False,True
af86c51a85b1,26,threat_l1,allowed,2,2.6906538009643555,213,2612.0,1,False,True
af86c51a85b1,27,threat_l1,allowed,2,2.3906474113464355,711,1478.0,1,False,True
af86c51a85b1,28,threat_l1,allowed,2,2.6513495445251465,140,1565.0,1,False,True
af86c51a85b1,29,threat_l1,allowed,2,3.6184754371643066,519,972.0,1,False,True
af86c51a85b1,30,threat_l1,allowed,2,4.372361183166504,256,1092.0,1,False,True
b025d9270385,1,threat_l2,allowed,3,1.9635884761810303,3327,2410.0,5,False,False
b025d9270385,2,threat_l2,allowed,3,2.6621129512786865,2337,4320.0,4,False,True
b025d9270385,3,threat_l2,allowed,3,2.625185489654541,11903,12884.0,4,False,False
b025d9270385,4,threat_l2,allowed,3,2.3709373474121094,2608,1199.0,3,False,True
b025d9270385,5,threat_l2,allowed,3,2.2594051361083984,6705,8887.0,3,False,False
b025d9270385,6,threat_l2,allowed,3,2.3293941020965576,2974,3056.0,2,False,True
b025d9270385,7,threat_l2,allowed,3,2.6774654388427734,1669,2046.0,2,False,True
b025d9270385,8,threat_l2,allowed,3,2.671746253967285,398,1175.0,2,False,True
b025d9270385,9,threat_l2,allowed,3,1.639778971672058,560,1198.0,2,False,True
b025d9270385,10,threat_l2,allowed,3,2.7760534286499023,316,1422.0,2,False,True
b025d9270385,11,threat_l2,allowed,3,1.8819910287857056,392,939.0,2,False,True
b025d9270385,12,threat_l2,allowed,3,0.7838689088821411,325,1178.0,2,False,True
b025d9270385,13,threat_l2,allowed,3,1.598244309425354,371,1142.0,2,False,True
b025d9270385,14,threat_l2,allowed,3,1.8519262075424194,284,608.0,2,False,True
b025d9270385,15,threat_l2,allowed,3,3.0386433601379395,406,1064.0,2,False,True
b025d9270385,16,threat_l2,allowed,3,1.6606427431106567,728,1364.0,2,False,True
b025d9270385,17,threat_l2,allowed,3,2.323909044265747,419,807.0,2,False,True
b025d9270385,18,threat_l2,allowed,3,1.399885892868042,247,640.0,2,False,True
b025d9270385,19,threat_l2,allowed,3,1.732739806175232,575,1002.0,2,False,True
b025d9270385,20,threat_l2,allowed,3,3.5019187927246094,268,829.0,2,False,True
b025d9270385,21,threat_l2,allowed,3,2.729206085205078,248,1221.0,2,False,True
b025d9270385,22,threat_l2,allowed,3,2.3837573528289795,208,820.0,2,False,True
b025d9270385,23,threat_l2,allowed,3,1.6503715515136719,319,887.0,2,False,True
b025d9270385,24,threat_l2,allowed,3,-0.02924978733062744,41,983.0,2,False,True
b025d9270385,25,threat_l2,allowed,3,1.2358860969543457,137,642.0,2,False,True
b025d9270385,26,threat_l2,allowed,3,2.415350914001465,500,959.0,2,False,True
b025d9270385,27,threat_l2,allowed,3,2.487401008605957,105,645.0,2,False,True
b025d9270385,28,threat_l2,allowed,3,2.473449230194092,164,1048.0,2,False,True
b025d9270385,29,threat_l2,allowed,3,1.3714690208435059,46,1167.0,2,False,True
b025d9270385,30,threat_l2,allowed,3,2.1641345024108887,202,933.0,2,False,True
b14db8db636b,1,threat_l2,allowed,3,2.475853204727173,3894,1807.0,5,False,False
b14db8db636b,2,threat_l2,allowed,3,3.091536045074463,3828,5140.0,4,False,True
b14db8db636b,3,threat_l2,allowed,3,2.5965681076049805,9508,5162.0,4,False,False
b14db8db636b,4,threat_l2,allowed,3,1.4922871589660645,1107,2349.0,3,False,True
b14db8db636b,5,threat_l2,allowed,3,2.8244104385375977,1253,4861.0,3,False,True
b14db8db636b,6,threat_l2,allowed,3,1.8141720294952393,1556,6859.0,3,False,False
b14db8db636b,7,threat_l2,allowed,3,2.9701945781707764,3227,7559.0,2,False,False
b14db8db636b,8,threat_l2,allowed,3,1.69199800491333,589,12540.0,1,False,True
b14db8db636b,9,threat_l2,allowed,3,2.286893129348755,694,2730.0,1,False,True
b14db8db636b,10,threat_l2,allowed,3,2.622716188430786,789,2152.0,1,False,True
b14db8db636b,11,threat_l2,allowed,3,3.0420565605163574,512,1820.0,1,False,True
b14db8db636b,12,threat_l2,allowed,3,2.3831982612609863,2497,3448.0,1,False,True
b14db8db636b,13,threat_l2,allowed,3,2.37630033493042,585,3247.0,1,False,True
b14db8db636b,14,threat_l2,allowed,3,2.4872488975524902,805,1729.0,1,False,True
b14db8db636b,15,threat_l2,allowed,3,2.3149731159210205,638,1102.0,1,False,True
b14db8db636b,16,threat_l2,allowed,3,2.0043866634368896,752,1354.0,1,False,True
b14db8db636b,17,threat_l2,allowed,3,3.093874216079712,327,1753.0,1,False,True
b14db8db636b,18,threat_l2,allowed,3,1.5980088710784912,434,1921.0,1,False,True
b14db8db636b,19,threat_l2,allowed,3,3.8098666667938232,918,1859.0,1,False,True
b14db8db636b,20,threat_l2,allowed,3,2.7336268424987793,709,1545.0,1,False,True
b14db8db636b,21,threat_l2,allowed,3,2.4085657596588135,1058,961.0,1,False,True
b14db8db636b,22,threat_l2,allowed,3,2.1608431339263916,427,2751.0,1,False,True
b14db8db636b,23,threat_l2,allowed,3,2.429715394973755,646,1498.0,1,False,True
b14db8db636b,24,threat_l2,allowed,3,2.3520946502685547,480,1125.0,1,False,True
b14db8db636b,25,threat_l2,allowed,3,2.414412498474121,597,786.0,1,False,True
b14db8db636b,26,threat_l2,allowed,3,3.849532127380371,533,2189.0,1,False,True
b14db8db636b,27,threat_l2,allowed,3,2.9036266803741455,344,1151.0,1,False,True
b14db8db636b,28,threat_l2,allowed,3,3.173107147216797,387,1491.0,1,False,True
b14db8db636b,29,threat_l2,allowed,3,2.8840484619140625,527,591.0,1,False,True
b14db8db636b,30,threat_l2,allowed,3,1.6176884174346924,404,1664.0,1,False,True
b26d7163baac,1,true_baseline,not_allowed,0,2.428792953491211,723,,5,False,False
b26d7163baac,2,true_baseline,not_allowed,0,1.3145709037780762,1827,,4,False,True
b26d7163baac,3,true_baseline,not_allowed,0,1.4858752489089966,799,,4,False,True
b26d7163baac,4,true_baseline,not_allowed,0,0.5591806173324585,236,,4,False,True
b26d7163baac,5,true_baseline,not_allowed,0,1.5125443935394287,647,,4,False,True
b26d7163baac,6,true_baseline,not_allowed,0,1.2157554626464844,332,,4,False,True
b26d7163baac,7,true_baseline,not_allowed,0,0.9972406625747681,762,,4,False,True
b26d7163baac,8,true_baseline,not_allowed,0,1.1907234191894531,205,,4,False,True
b26d7163baac,9,true_baseline,not_allowed,0,1.235512375831604,351,,4,False,True
b26d7163baac,10,true_baseline,not_allowed,0,1.5595502853393555,227,,4,False,True
b26d7163baac,11,true_baseline,not_allowed,0,0.27418220043182373,266,,4,False,True
b26d7163baac,12,true_baseline,not_allowed,0,1.8923228979110718,213,,4,False,True
b26d7163baac,13,true_baseline,not_allowed,0,0.44302117824554443,241,,4,False,True
b26d7163baac,14,true_baseline,not_allowed,0,1.4265198707580566,319,,4,False,True
b26d7163baac,15,true_baseline,not_allowed,0,1.3553268909454346,311,,4,False,True
b26d7163baac,16,true_baseline,not_allowed,0,-0.11219072341918945,312,,4,False,True
b26d7163baac,17,true_baseline,not_allowed,0,1.5998399257659912,321,,4,False,True
b26d7163baac,18,true_baseline,not_allowed,0,0.9320385456085205,128,,4,False,True
b26d7163baac,19,true_baseline,not_allowed,0,0.7353278398513794,435,,4,False,True
b26d7163baac,20,true_baseline,not_allowed,0,1.302259922027588,344,,4,False,True
b26d7163baac,21,true_baseline,not_allowed,0,1.129210352897644,376,,4,False,True
b26d7163baac,22,true_baseline,not_allowed,0,0.2705090045928955,240,,4,False,True
b26d7163baac,23,true_baseline,not_allowed,0,-0.3466031551361084,217,,4,False,True
b26d7163baac,24,true_baseline,not_allowed,0,1.7202115058898926,103,,4,False,True
b26d7163baac,25,true_baseline,not_allowed,0,0.08976221084594727,47,,4,False,True
b26d7163baac,26,true_baseline,not_allowed,0,1.0952918529510498,393,,4,False,True
b26d7163baac,27,true_baseline,not_allowed,0,0.8991847038269043,25,,4,False,True
b26d7163baac,28,true_baseline,not_allowed,0,1.1527374982833862,182,,4,False,True
b26d7163baac,29,true_baseline,not_allowed,0,0.8516968488693237,44,,4,False,True
b26d7163baac,30,true_baseline,not_allowed,0,0.7778612375259399,325,,4,False,True
b27a8501bc14,1,threat_l1,allowed,2,1.6389219760894775,3002,530.0,5,False,False
b27a8501bc14,2,threat_l1,allowed,2,1.869821548461914,6091,2797.0,4,False,True
b27a8501bc14,3,threat_l1,allowed,2,1.6409335136413574,5069,11320.0,4,False,False
b27a8501bc14,4,threat_l1,allowed,2,1.7443721294403076,2737,1725.0,3,False,True
b27a8501bc14,5,threat_l1,allowed,2,2.3213727474212646,7000,7148.0,3,False,False
b27a8501bc14,6,threat_l1,allowed,2,1.8176871538162231,3514,3687.0,2,False,False
b27a8501bc14,7,threat_l1,allowed,2,2.296382427215576,6324,2693.0,1,True,False
b2a3cec80c4a,1,threat_l2,not_allowed,3,1.528035283088684,5010,,5,False,False
b2a3cec80c4a,2,threat_l2,not_allowed,3,1.844234824180603,1003,,4,False,True
b2a3cec80c4a,3,threat_l2,not_allowed,3,2.576481580734253,3087,,4,False,False
b2a3cec80c4a,4,threat_l2,not_allowed,3,2.1871519088745117,2062,,3,False,True
b2a3cec80c4a,5,threat_l2,not_allowed,3,2.420292377471924,2592,,3,False,False
b2a3cec80c4a,6,threat_l2,not_allowed,3,1.8009308576583862,1093,,2,False,True
b2a3cec80c4a,7,threat_l2,not_allowed,3,1.7184498310089111,780,,2,False,True
b2a3cec80c4a,8,threat_l2,not_allowed,3,2.849050521850586,3599,,2,False,True
b2a3cec80c4a,9,threat_l2,not_allowed,3,2.395085334777832,998,,2,False,True
b2a3cec80c4a,10,threat_l2,not_allowed,3,1.7978721857070923,1057,,2,False,True
b2a3cec80c4a,11,threat_l2,not_allowed,3,2.4150240421295166,992,,2,False,True
b2a3cec80c4a,12,threat_l2,not_allowed,3,1.9586706161499023,650,,2,False,True
b2a3cec80c4a,13,threat_l2,not_allowed,3,2.4282925128936768,546,,2,False,True
b2a3cec80c4a,14,threat_l2,not_allowed,3,2.9458975791931152,556,,2,False,True
b2a3cec80c4a,15,threat_l2,not_allowed,3,3.14886474609375,329,,2,False,True
b2a3cec80c4a,16,threat_l2,not_allowed,3,1.4879121780395508,354,,2,False,True
b2a3cec80c4a,17,threat_l2,not_allowed,3,2.12107253074646,274,,2,False,True
b2a3cec80c4a,18,threat_l2,not_allowed,3,2.175144910812378,352,,2,False,True
b2a3cec80c4a,19,threat_l2,not_allowed,3,2.6827681064605713,400,,2,False,True
b2a3cec80c4a,20,threat_l2,not_allowed,3,1.0801880359649658,241,,2,False,True
b2a3cec80c4a,21,threat_l2,not_allowed,3,2.4879841804504395,338,,2,False,True
b2a3cec80c4a,22,threat_l2,not_allowed,3,0.6467875242233276,130,,2,False,True
b2a3cec80c4a,23,threat_l2,not_allowed,3,0.8061217069625854,45,,2,False,True
b2a3cec80c4a,24,threat_l2,not_allowed,3,2.730393171310425,366,,2,False,True
b2a3cec80c4a,25,threat_l2,not_allowed,3,3.1705846786499023,832,,2,False,True
b2a3cec80c4a,26,threat_l2,not_allowed,3,3.1039938926696777,301,,2,False,True
b2a3cec80c4a,27,threat_l2,not_allowed,3,3.4362826347351074,72,,2,False,True
b2a3cec80c4a,28,threat_l2,not_allowed,3,3.3150830268859863,982,,2,False,True
b2a3cec80c4a,29,threat_l2,not_allowed,3,3.48046875,159,,2,False,True
b2a3cec80c4a,30,threat_l2,not_allowed,3,1.55540931224823,132,,2,False,True
bbd3d0aeb602,1,true_baseline,allowed,0,1.0352250337600708,413,1665.0,5,False,False
bbd3d0aeb602,2,true_baseline,allowed,0,0.3634977340698242,326,918.0,4,False,True
bbd3d0aeb602,3,true_baseline,allowed,0,0.8943933248519897,307,517.0,4,False,False
bbd3d0aeb602,4,true_baseline,allowed,0,1.8580832481384277,1877,2707.0,3,False,True
bbd3d0aeb602,5,true_baseline,allowed,0,1.1626288890838623,465,6219.0,3,False,True
bbd3d0aeb602,6,true_baseline,allowed,0,2.1568832397460938,240,584.0,3,False,True
bbd3d0aeb602,7,true_baseline,allowed,0,1.763826608657837,377,804.0,3,False,True
bbd3d0aeb602,8,true_baseline,allowed,0,0.9079067707061768,281,641.0,3,False,True
bbd3d0aeb602,9,true_baseline,allowed,0,2.0138580799102783,620,314.0,3,False,True
bbd3d0aeb602,10,true_baseline,allowed,0,1.1190299987792969,234,1341.0,3,False,True
bbd3d0aeb602,11,true_baseline,allowed,0,0.8017005920410156,329,475.0,3,False,True
bbd3d0aeb602,12,true_baseline,allowed,0,2.2029457092285156,219,275.0,3,False,True
bbd3d0aeb602,13,true_baseline,allowed,0,1.3937499523162842,74,205.0,3,False,True
bbd3d0aeb602,14,true_baseline,allowed,0,1.4256696701049805,193,356.0,3,False,True
bbd3d0aeb602,15,true_baseline,allowed,0,1.6347661018371582,267,145.0,3,False,True
bbd3d0aeb602,16,true_baseline,allowed,0,1.2958866357803345,250,333.0,3,False,True
bbd3d0aeb602,17,true_baseline,allowed,0,2.013460159301758,192,876.0,3,False,True
bbd3d0aeb602,18,true_baseline,allowed,0,1.8184688091278076,344,808.0,3,False,True
bbd3d0aeb602,19,true_baseline,allowed,0,1.57429838180542,107,548.0,3,False,True
bbd3d0aeb602,20,true_baseline,allowed,0,1.0756512880325317,155,508.0,3,False,True
bbd3d0aeb602,21,true_baseline,allowed,0,1.310917854309082,153,428.0,3,False,True
bbd3d0aeb602,22,true_baseline,allowed,0,1.1945171356201172,56,251.0,3,False,True
bbd3d0aeb602,23,true_baseline,allowed,0,1.25677490234375,29,251.0,3,False,True
bbd3d0aeb602,24,true_baseline,allowed,0,1.0103260278701782,89,213.0,3,False,True
bbd3d0aeb602,25,true_baseline,allowed,0,1.4989935159683228,33,218.0,3,False,True
bbd3d0aeb602,26,true_baseline,allowed,0,0.3636592626571655,41,324.0,3,False,True
bbd3d0aeb602,27,true_baseline,allowed,0,1.1705362796783447,45,586.0,3,False,True
bbd3d0aeb602,28,true_baseline,allowed,0,1.7277979850769043,35,81.0,3,False,True
bbd3d0aeb602,29,true_baseline,allowed,0,1.0721160173416138,33,283.0,3,False,True
bbd3d0aeb602,30,true_baseline,allowed,0,0.6608400344848633,29,384.0,3,False,True
be48562d5089,1,threat_l1,allowed,2,1.8300644159317017,1252,614.0,5,False,False
be48562d5089,2,threat_l1,allowed,2,2.4955804347991943,1415,2891.0,4,False,True
be48562d5089,3,threat_l1,allowed,2,2.4050190448760986,468,10408.0,4,False,False
be48562d5089,4,threat_l1,allowed,2,3.3047728538513184,2534,2323.0,3,False,True
be48562d5089,5,threat_l1,allowed,2,1.8412837982177734,1103,9919.0,3,False,True
be48562d5089,6,threat_l1,allowed,2,1.9290852546691895,415,1068.0,3,False,True
be48562d5089,7,threat_l1,allowed,2,2.6917359828948975,3096,4750.0,3,False,True
be48562d5089,8,threat_l1,allowed,2,1.802381992340088,467,1175.0,3,False,True
be48562d5089,9,threat_l1,allowed,2,2.868830680847168,352,1162.0,3,False,True
be48562d5089,10,threat_l1,allowed,2,1.8940829038619995,316,734.0,3,False,True
be48562d5089,11,threat_l1,allowed,2,1.9982095956802368,481,941.0,3,False,True
be48562d5089,12,threat_l1,allowed,2,3.2299740314483643,487,1273.0,3,False,True
be48562d5089,13,threat_l1,allowed,2,2.236609697341919,313,387.0,3,False,True
be48562d5089,14,threat_l1,allowed,2,1.9563642740249634,244,429.0,3,False,True
be48562d5089,15,threat_l1,allowed,2,2.1380398273468018,347,879.0,3,False,True
be48562d5089,16,threat_l1,allowed,2,2.436055898666382,390,736.0,3,False,True
be48562d5089,17,threat_l1,allowed,2,2.850338935852051,418,672.0,3,False,True
be48562d5089,18,threat_l1,allowed,2,2.487398386001587,533,812.0,3,False,True
be48562d5089,19,threat_l1,allowed,2,2.6854262351989746,480,1021.0,3,False,True
be48562d5089,20,threat_l1,allowed,2,2.7296159267425537,397,808.0,3,False,True
be48562d5089,21,threat_l1,allowed,2,1.504425287246704,63,675.0,3,False,True
be48562d5089,22,threat_l1,allowed,2,3.926439046859741,46,652.0,3,False,True
be48562d5089,23,threat_l1,allowed,2,2.1748037338256836,145,364.0,3,False,True
be48562d5089,24,threat_l1,allowed,2,4.020166397094727,470,1723.0,3,False,True
be48562d5089,25,threat_l1,allowed,2,3.7976455688476562,193,711.0,3,False,True
be48562d5089,26,threat_l1,allowed,2,2.069260597229004,47,662.0,3,False,True
be48562d5089,27,threat_l1,allowed,2,0.9017951488494873,29,454.0,3,False,True
be48562d5089,28,threat_l1,allowed,2,3.3766422271728516,140,360.0,3,False,True
be48562d5089,29,threat_l1,allowed,2,2.5636801719665527,255,566.0,3,False,True
be48562d5089,30,threat_l1,allowed,2,3.1034302711486816,73,1023.0,3,False,True
c0d9729ada48,1,true_baseline,allowed,0,0.9198780059814453,532,703.0,5,False,False
c0d9729ada48,2,true_baseline,allowed,0,1.2930324077606201,3232,3150.0,4,False,True
c0d9729ada48,3,true_baseline,allowed,0,0.9873400926589966,751,3326.0,4,False,True
c0d9729ada48,4,true_baseline,allowed,0,1.0303542613983154,694,459.0,4,False,True
c0d9729ada48,5,true_baseline,allowed,0,1.2383613586425781,582,2540.0,4,False,True
c0d9729ada48,6,true_baseline,allowed,0,1.9763437509536743,1817,3275.0,4,False,True
c0d9729ada48,7,true_baseline,allowed,0,1.4161453247070312,205,433.0,4,False,True
c0d9729ada48,8,true_baseline,allowed,0,0.3635326623916626,183,676.0,4,False,True
c0d9729ada48,9,true_baseline,allowed,0,1.4349303245544434,231,981.0,4,False,True
c0d9729ada48,10,true_baseline,allowed,0,-0.24135804176330566,163,569.0,4,False,True
c0d9729ada48,11,true_baseline,allowed,0,0.8302617073059082,250,829.0,4,False,True
c0d9729ada48,12,true_baseline,allowed,0,1.3553402423858643,744,258.0,4,False,True
c0d9729ada48,13,true_baseline,allowed,0,1.239701747894287,284,536.0,4,False,True
c0d9729ada48,14,true_baseline,allowed,0,2.164506673812866,262,855.0,4,False,True
c0d9729ada48,15,true_baseline,allowed,0,1.1883727312088013,272,546.0,4,False,True
c0d9729ada48,16,true_baseline,allowed,0,1.2723010778427124,352,1949.0,4,False,True
c0d9729ada48,17,true_baseline,allowed,0,0.807573676109314,53,316.0,4,False,True
c0d9729ada48,18,true_baseline,allowed,0,0.540290117263794,112,221.0,4,False,True
c0d9729ada48,19,true_baseline,allowed,0,0.532453179359436,374,253.0,4,False,True
c0d9729ada48,20,true_baseline,allowed,0,0.5568524599075317,323,739.0,4,False,True
c0d9729ada48,21,true_baseline,allowed,0,0.8642077445983887,379,533.0,4,False,True
c0d9729ada48,22,true_baseline,allowed,0,0.18234074115753174,111,224.0,4,False,True
c0d9729ada48,23,true_baseline,allowed,0,1.0512638092041016,480,195.0,4,False,True
c0d9729ada48,24,true_baseline,allowed,0,1.2152602672576904,90,744.0,4,False,True
c0d9729ada48,25,true_baseline,allowed,0,0.9311589002609253,215,685.0,4,False,True
c0d9729ada48,26,true_baseline,allowed,0,0.5929070711135864,115,997.0,4,False,True
c0d9729ada48,27,true_baseline,allowed,0,1.358550786972046,455,597.0,4,False,True
c0d9729ada48,28,true_baseline,allowed,0,1.794987440109253,50,379.0,4,False,True
c0d9729ada48,29,true_baseline,allowed,0,0.1933763027191162,24,503.0,4,False,True
c0d9729ada48,30,true_baseline,allowed,0,0.9415168762207031,43,502.0,4,False,True
c4458fdac12d,1,true_baseline,allowed,0,2.0626397132873535,4199,1836.0,5,False,False
c4458fdac12d,2,true_baseline,allowed,0,1.1516836881637573,2118,3672.0,4,False,True
c4458fdac12d,3,true_baseline,allowed,0,2.7106878757476807,6558,7074.0,4,False,False
c4458fdac12d,4,true_baseline,allowed,0,1.6242413520812988,1357,8863.0,3,False,True
c4458fdac12d,5,true_baseline,allowed,0,1.3965240716934204,1435,6504.0,3,False,False
c4458fdac12d,6,true_baseline,allowed,0,1.1379022598266602,976,2222.0,2,False,True
c4458fdac12d,7,true_baseline,allowed,0,2.248938798904419,1085,1353.0,2,False,True
c4458fdac12d,8,true_baseline,allowed,0,1.1956162452697754,233,680.0,2,False,True
c4458fdac12d,9,true_baseline,allowed,0,0.8156969547271729,351,1638.0,2,False,True
c4458fdac12d,10,true_baseline,allowed,0,1.2607853412628174,333,1062.0,2,False,True
c4458fdac12d,11,true_baseline,allowed,0,0.8327935934066772,372,457.0,2,False,True
c4458fdac12d,12,true_baseline,allowed,0,1.3368021249771118,300,1279.0,2,False,True
c4458fdac12d,13,true_baseline,allowed,0,1.7356992959976196,296,439.0,2,False,True
c4458fdac12d,14,true_baseline,allowed,0,1.3032463788986206,350,1145.0,2,False,True
c4458fdac12d,15,true_baseline,allowed,0,1.7587952613830566,386,538.0,2,False,True
c4458fdac12d,16,true_baseline,allowed,0,0.7922331094741821,344,555.0,2,False,True
c4458fdac12d,17,true_baseline,allowed,0,1.5070852041244507,428,706.0,2,False,True
c4458fdac12d,18,true_baseline,allowed,0,1.3558826446533203,338,773.0,2,False,True
c4458fdac12d,19,true_baseline,allowed,0,0.9382531642913818,416,458.0,2,False,True
c4458fdac12d,20,true_baseline,allowed,0,1.296851634979248,57,384.0,2,False,True
c4458fdac12d,21,true_baseline,allowed,0,1.1540944576263428,303,1025.0,2,False,True
c4458fdac12d,22,true_baseline,allowed,0,0.6568679809570312,57,340.0,2,False,True
c4458fdac12d,23,true_baseline,allowed,0,0.1523735523223877,33,282.0,2,False,True
c4458fdac12d,24,true_baseline,allowed,0,1.3370938301086426,93,1481.0,2,False,True
c4458fdac12d,25,true_baseline,allowed,0,0.8594551086425781,81,482.0,2,False,True
c4458fdac12d,26,true_baseline,allowed,0,0.3369635343551636,24,1528.0,2,False,True
c4458fdac12d,27,true_baseline,allowed,0,0.687667727470398,79,1053.0,2,False,True
c4458fdac12d,28,true_baseline,allowed,0,0.6558818817138672,36,517.0,2,False,True
c4458fdac12d,29,true_baseline,allowed,0,1.3095948696136475,63,387.0,2,False,True
c4458fdac12d,30,true_baseline,allowed,0,0.7366845607757568,84,272.0,2,False,True
c61e44fbd7b1,1,baseline_flagship,not_allowed,1,1.5377824306488037,706,,5,False,True
c61e44fbd7b1,2,baseline_flagship,not_allowed,1,1.5316426753997803,1739,,5,False,True
c61e44fbd7b1,3,baseline_flagship,not_allowed,1,2.2827649116516113,2968,,5,False,False
c61e44fbd7b1,4,baseline_flagship,not_allowed,1,2.7001333236694336,2042,,4,False,True
c61e44fbd7b1,5,baseline_flagship,not_allowed,1,1.7301305532455444,218,,4,False,True
c61e44fbd7b1,6,baseline_flagship,not_allowed,1,2.115950584411621,583,,4,False,True
c61e44fbd7b1,7,baseline_flagship,not_allowed,1,1.8799467086791992,1134,,4,False,True
c61e44fbd7b1,8,baseline_flagship,not_allowed,1,2.575230598449707,405,,4,False,True
c61e44fbd7b1,9,baseline_flagship,not_allowed,1,0.8071871995925903,33,,4,False,True
c61e44fbd7b1,10,baseline_flagship,not_allowed,1,2.0015525817871094,218,,4,False,True
c61e44fbd7b1,11,baseline_flagship,not_allowed,1,0.7869961261749268,145,,4,False,True
c61e44fbd7b1,12,baseline_flagship,not_allowed,1,1.5447356700897217,614,,4,False,True
c61e44fbd7b1,13,baseline_flagship,not_allowed,1,1.8317421674728394,138,,4,False,True
c61e44fbd7b1,14,baseline_flagship,not_allowed,1,1.6533563137054443,397,,4,False,True
c61e44fbd7b1,15,baseline_flagship,not_allowed,1,1.9039380550384521,212,,4,False,True
c61e44fbd7b1,16,baseline_flagship,not_allowed,1,0.7338988780975342,62,,4,False,True
c61e44fbd7b1,17,baseline_flagship,not_allowed,1,1.6555511951446533,60,,4,False,True
c61e44fbd7b1,18,baseline_flagship,not_allowed,1,1.2901304960250854,20,,4,False,True
c61e44fbd7b1,19,baseline_flagship,not_allowed,1,1.7931122779846191,212,,4,False,True
c61e44fbd7b1,20,baseline_flagship,not_allowed,1,1.7004904747009277,47,,4,False,True
c61e44fbd7b1,21,baseline_flagship,not_allowed,1,1.525875449180603,78,,4,False,True
c61e44fbd7b1,22,baseline_flagship,not_allowed,1,1.9870359897613525,52,,4,False,True
c61e44fbd7b1,23,baseline_flagship,not_allowed,1,1.2723402976989746,33,,4,False,True
c61e44fbd7b1,24,baseline_flagship,not_allowed,1,0.3907160758972168,85,,4,False,True
c61e44fbd7b1,25,baseline_flagship,not_allowed,1,1.1334048509597778,82,,4,False,True
c61e44fbd7b1,26,baseline_flagship,not_allowed,1,1.333000898361206,34,,4,False,True
c61e44fbd7b1,27,baseline_flagship,not_allowed,1,-0.9319939613342285,82,,4,False,True
c61e44fbd7b1,28,baseline_flagship,not_allowed,1,1.046438217163086,43,,4,False,True
c61e44fbd7b1,29,baseline_flagship,not_allowed,1,1.1253328323364258,127,,4,False,True
c61e44fbd7b1,30,baseline_flagship,not_allowed,1,1.4401283264160156,65,,4,False,True
c649a39bd314,1,threat_l1,not_allowed,2,2.5797533988952637,9466,,5,False,False
c649a39bd314,2,threat_l1,not_allowed,2,2.634460926055908,531,,4,False,True
c649a39bd314,3,threat_l1,not_allowed,2,1.623625636100769,1059,,4,False,False
c649a39bd314,4,threat_l1,not_allowed,2,2.182142496109009,1171,,3,False,True
c649a39bd314,5,threat_l1,not_allowed,2,2.0549564361572266,648,,3,False,False
c649a39bd314,6,threat_l1,not_allowed,2,2.35756778717041,6390,,2,False,True
c649a39bd314,7,threat_l1,not_allowed,2,2.6104769706726074,1037,,2,False,True
c649a39bd314,8,threat_l1,not_allowed,2,2.770930290222168,614,,2,False,True
c649a39bd314,9,threat_l1,not_allowed,2,1.412813663482666,618,,2,False,True
c649a39bd314,10,threat_l1,not_allowed,2,2.5451011657714844,404,,2,False,True
c649a39bd314,11,threat_l1,not_allowed,2,1.9186501502990723,574,,2,False,True
c649a39bd314,12,threat_l1,not_allowed,2,1.3012337684631348,267,,2,False,True
c649a39bd314,13,threat_l1,not_allowed,2,2.0087833404541016,402,,2,False,True
c649a39bd314,14,threat_l1,not_allowed,2,1.1825952529907227,270,,2,False,True
c649a39bd314,15,threat_l1,not_allowed,2,1.8589115142822266,194,,2,False,True
c649a39bd314,16,threat_l1,not_allowed,2,0.7725387215614319,95,,2,False,True
c649a39bd314,17,threat_l1,not_allowed,2,0.8865422010421753,66,,2,False,True
c649a39bd314,18,threat_l1,not_allowed,2,1.0271872282028198,23,,2,False,True
c649a39bd314,19,threat_l1,not_allowed,2,0.5169075727462769,285,,2,False,True
c649a39bd314,20,threat_l1,not_allowed,2,1.453629732131958,305,,2,False,True
c649a39bd314,21,threat_l1,not_allowed,2,3.2118873596191406,76,,2,False,True
c649a39bd314,22,threat_l1,not_allowed,2,0.6163104772567749,41,,2,False,True
c649a39bd314,23,threat_l1,not_allowed,2,1.1873080730438232,51,,2,False,True
c649a39bd314,24,threat_l1,not_allowed,2,0.3551201820373535,70,,2,False,True
c649a39bd314,25,threat_l1,not_allowed,2,1.1477819681167603,55,,2,False,True
c649a39bd314,26,threat_l1,not_allowed,2,2.9615073204040527,429,,2,False,True
c649a39bd314,27,threat_l1,not_allowed,2,1.2110596895217896,24,,2,False,True
c649a39bd314,28,threat_l1,not_allowed,2,3.172712802886963,59,,2,False,True
c649a39bd314,29,threat_l1,not_allowed,2,2.1860342025756836,150,,2,False,True
c649a39bd314,30,threat_l1,not_allowed,2,0.9729827046394348,34,,2,False,True
c81060af0392,1,threat_l3,allowed,4,2.0896987915039062,5145,3208.0,5,False,False
c81060af0392,2,threat_l3,allowed,4,3.215428352355957,5442,3778.0,4,False,True
c81060af0392,3,threat_l3,allowed,4,2.916637420654297,5836,3905.0,4,False,False
c81060af0392,4,threat_l3,allowed,4,2.0454888343811035,277,1717.0,3,False,True
c81060af0392,5,threat_l3,allowed,4,2.125854253768921,1111,3305.0,3,False,True
c81060af0392,6,threat_l3,allowed,4,1.9182876348495483,394,1874.0,3,False,True
c81060af0392,7,threat_l3,allowed,4,1.5604697465896606,443,1994.0,3,False,True
c81060af0392,8,threat_l3,allowed,4,2.5366640090942383,1826,643.0,3,False,True
c81060af0392,9,threat_l3,allowed,4,3.34499192237854,259,981.0,3,False,True
c81060af0392,10,threat_l3,allowed,4,2.2471513748168945,533,1051.0,3,False,True
c81060af0392,11,threat_l3,allowed,4,3.210731267929077,289,1504.0,3,False,True
c81060af0392,12,threat_l3,allowed,4,3.087618589401245,528,1395.0,3,False,True
c81060af0392,13,threat_l3,allowed,4,1.628524661064148,288,820.0,3,False,True
c81060af0392,14,threat_l3,allowed,4,2.2263991832733154,520,847.0,3,False,True
c81060af0392,15,threat_l3,allowed,4,4.09609842300415,442,683.0,3,False,True
c81060af0392,16,threat_l3,allowed,4,2.46604323387146,645,1275.0,3,False,True
c81060af0392,17,threat_l3,allowed,4,2.8591136932373047,201,841.0,3,False,True
c81060af0392,18,threat_l3,allowed,4,3.875303268432617,811,594.0,3,False,True
c81060af0392,19,threat_l3,allowed,4,3.4565300941467285,469,545.0,3,False,True
c81060af0392,20,threat_l3,allowed,4,3.4100961685180664,299,1921.0,3,False,True
c81060af0392,21,threat_l3,allowed,4,3.9287452697753906,1697,506.0,3,False,True
c81060af0392,22,threat_l3,allowed,4,2.759387731552124,902,1750.0,3,False,True
c81060af0392,23,threat_l3,allowed,4,3.006145477294922,419,582.0,3,False,True
c81060af0392,24,threat_l3,allowed,4,3.1067376136779785,642,2163.0,3,False,True
c81060af0392,25,threat_l3,allowed,4,1.8016799688339233,403,674.0,3,False,True
c81060af0392,26,threat_l3,allowed,4,0.9937434196472168,285,869.0,3,False,True
c81060af0392,27,threat_l3,allowed,4,3.0731468200683594,1154,694.0,3,False,True
c81060af0392,28,threat_l3,allowed,4,1.6660678386688232,436,824.0,3,False,True
c81060af0392,29,threat_l3,allowed,4,3.138524055480957,532,520.0,3,False,True
c81060af0392,30,threat_l3,allowed,4,1.4894485473632812,316,902.0,3,False,True
cc1a57d82c3b,1,threat_l1,allowed,2,2.7909634113311768,3033,1015.0,5,False,False
cc1a57d82c3b,2,threat_l1,allowed,2,2.883798122406006,966,1019.0,4,False,True
cc1a57d82c3b,3,threat_l1,allowed,2,2.585700035095215,5359,1251.0,4,False,False
cc1a57d82c3b,4,threat_l1,allowed,2,2.4658522605895996,442,1298.0,3,False,True
cc1a57d82c3b,5,threat_l1,allowed,2,3.7891407012939453,236,1057.0,3,False,True
cc1a57d82c3b,6,threat_l1,allowed,2,2.8382813930511475,402,2113.0,3,False,False
cc1a57d82c3b,7,threat_l1,allowed,2,2.488175630569458,2726,937.0,2,False,True
cc1a57d82c3b,8,threat_l1,allowed,2,2.849480152130127,970,10566.0,2,False,True
cc1a57d82c3b,9,threat_l1,allowed,2,3.2225940227508545,691,1780.0,2,False,True
cc1a57d82c3b,10,threat_l1,allowed,2,2.3496179580688477,814,943.0,2,False,True
cc1a57d82c3b,11,threat_l1,allowed,2,3.5621159076690674,915,639.0,2,False,True
cc1a57d82c3b,12,threat_l1,allowed,2,2.9998817443847656,297,722.0,2,False,True
cc1a57d82c3b,13,threat_l1,allowed,2,2.3011956214904785,374,797.0,2,False,True
cc1a57d82c3b,14,threat_l1,allowed,2,4.167579650878906,67,855.0,2,False,True
cc1a57d82c3b,15,threat_l1,allowed,2,3.562934398651123,320,408.0,2,False,True
cc1a57d82c3b,16,threat_l1,allowed,2,2.707080602645874,215,1137.0,2,False,True
cc1a57d82c3b,17,threat_l1,allowed,2,3.958420991897583,293,1744.0,2,False,True
cc1a57d82c3b,18,threat_l1,allowed,2,3.3018290996551514,523,1154.0,2,False,True
cc1a57d82c3b,19,threat_l1,allowed,2,3.312735080718994,177,434.0,2,False,True
cc1a57d82c3b,20,threat_l1,allowed,2,3.055990695953369,356,845.0,2,False,True
cc1a57d82c3b,21,threat_l1,allowed,2,2.493557929992676,236,798.0,2,False,True
cc1a57d82c3b,22,threat_l1,allowed,2,3.6598222255706787,123,732.0,2,False,True
cc1a57d82c3b,23,threat_l1,allowed,2,1.8909871578216553,314,1506.0,2,False,True
cc1a57d82c3b,24,threat_l1,allowed,2,4.227435111999512,48,466.0,2,False,True
cc1a57d82c3b,25,threat_l1,allowed,2,2.2115440368652344,190,706.0,2,False,True
cc1a57d82c3b,26,threat_l1,allowed,2,2.1784074306488037,97,414.0,2,False,True
cc1a57d82c3b,27,threat_l1,allowed,2,3.5700740814208984,881,931.0,2,False,True
cc1a57d82c3b,28,threat_l1,allowed,2,3.090585947036743,286,634.0,2,False,True
cc1a57d82c3b,29,threat_l1,allowed,2,2.371828079223633,274,613.0,2,False,True
cc1a57d82c3b,30,threat_l1,allowed,2,0.738775372505188,189,471.0,2,False,True
cc1bfcb9092d,1,threat_l3,not_allowed,4,2.3201475143432617,2453,,5,False,False
cc1bfcb9092d,2,threat_l3,not_allowed,4,1.5444711446762085,393,,4,False,True
cc1bfcb9092d,3,threat_l3,not_allowed,4,2.4350266456604004,4720,,4,False,False
cc1bfcb9092d,4,threat_l3,not_allowed,4,1.3715623617172241,1125,,3,False,True
cc1bfcb9092d,5,threat_l3,not_allowed,4,1.6925467252731323,515,,3,False,False
cc1bfcb9092d,6,threat_l3,not_allowed,4,2.2372641563415527,477,,2,False,True
cc1bfcb9092d,7,threat_l3,not_allowed,4,2.544173002243042,1130,,2,False,True
cc1bfcb9092d,8,threat_l3,not_allowed,4,1.9167113304138184,272,,2,False,True
cc1bfcb9092d,9,threat_l3,not_allowed,4,2.120033025741577,345,,2,False,True
cc1bfcb9092d,10,threat_l3,not_allowed,4,1.6936368942260742,1068,,2,False,True
cc1bfcb9092d,11,threat_l3,not_allowed,4,2.874171733856201,567,,2,False,True
cc1bfcb9092d,12,threat_l3,not_allowed,4,2.82926082611084,291,,2,False,True
cc1bfcb9092d,13,threat_l3,not_allowed,4,2.44181489944458,1653,,2,False,True
cc1bfcb9092d,14,threat_l3,not_allowed,4,1.201329231262207,720,,2,False,True
cc1bfcb9092d,15,threat_l3,not_allowed,4,1.9061096906661987,1568,,2,False,True
cc1bfcb9092d,16,threat_l3,not_allowed,4,2.5100831985473633,418,,2,False,True
cc1bfcb9092d,17,threat_l3,not_allowed,4,1.5271916389465332,1055,,2,False,True
cc1bfcb9092d,18,threat_l3,not_allowed,4,3.1575636863708496,210,,2,False,True
cc1bfcb9092d,19,threat_l3,not_allowed,4,1.3797478675842285,538,,2,False,True
cc1bfcb9092d,20,threat_l3,not_allowed,4,2.685004949569702,813,,2,False,True
cc1bfcb9092d,21,threat_l3,not_allowed,4,0.020743608474731445,44,,2,False,True
cc1bfcb9092d,22,threat_l3,not_allowed,4,2.219491481781006,2748,,2,False,True
cc1bfcb9092d,23,threat_l3,not_allowed,4,1.893892526626587,130,,2,False,True
cc1bfcb9092d,24,threat_l3,not_allowed,4,3.144559860229492,1031,,2,False,True
cc1bfcb9092d,25,threat_l3,not_allowed,4,2.5067269802093506,406,,2,False,True
cc1bfcb9092d,26,threat_l3,not_allowed,4,0.734421968460083,58,,2,False,True
cc1bfcb9092d,27,threat_l3,not_allowed,4,4.023786544799805,169,,2,False,True
cc1bfcb9092d,28,threat_l3,not_allowed,4,2.4322292804718018,560,,2,False,True
cc1bfcb9092d,29,threat_l3,not_allowed,4,1.1160075664520264,273,,2,False,True
cc1bfcb9092d,30,threat_l3,not_allowed,4,1.392220377922058,432,,2,False,True
ceae56f5ec21,1,baseline_flagship,allowed,1,0.3812732696533203,345,2225.0,5,False,False
ceae56f5ec21,2,baseline_flagship,allowed,1,0.19259321689605713,403,5971.0,4,False,True
ceae56f5ec21,3,baseline_flagship,allowed,1,2.1538963317871094,2020,7298.0,4,False,False
ceae56f5ec21,4,baseline_flagship,allowed,1,1.7779487371444702,576,1476.0,3,False,True
ceae56f5ec21,5,baseline_flagship,allowed,1,1.2467749118804932,108,1556.0,3,False,True
ceae56f5ec21,6,baseline_flagship,allowed,1,1.147458553314209,590,5754.0,3,False,False
ceae56f5ec21,7,baseline_flagship,allowed,1,2.2785680294036865,1581,1123.0,2,False,True
ceae56f5ec21,8,baseline_flagship,allowed,1,2.7654478549957275,6765,9393.0,2,False,True
ceae56f5ec21,9,baseline_flagship,allowed,1,2.0651776790618896,574,4410.0,2,False,True
ceae56f5ec21,10,baseline_flagship,allowed,1,1.925968885421753,347,1828.0,2,False,True
ceae56f5ec21,11,baseline_flagship,allowed,1,1.0684338808059692,24,3229.0,2,False,True
ceae56f5ec21,12,baseline_flagship,allowed,1,1.6135709285736084,316,5004.0,2,False,True
ceae56f5ec21,13,baseline_flagship,allowed,1,0.9779341220855713,302,1006.0,2,False,True
ceae56f5ec21,14,baseline_flagship,allowed,1,1.9413926601409912,305,1136.0,2,False,True
ceae56f5ec21,15,baseline_flagship,allowed,1,1.8926836252212524,275,2576.0,2,False,True
ceae56f5ec21,16,baseline_flagship,allowed,1,0.9127907752990723,295,2900.0,2,False,True
ceae56f5ec21,17,baseline_flagship,allowed,1,1.652016520500183,356,1180.0,2,False,True
ceae56f5ec21,18,baseline_flagship,allowed,1,1.692419409751892,248,4733.0,2,False,True
ceae56f5ec21,19,baseline_flagship,allowed,1,1.2565243244171143,50,1172.0,2,False,True
ceae56f5ec21,20,baseline_flagship,allowed,1,1.6671321392059326,119,930.0,2,False,True
ceae56f5ec21,21,baseline_flagship,allowed,1,1.3689584732055664,43,1599.0,2,False,True
ceae56f5ec21,22,baseline_flagship,allowed,1,1.425027847290039,56,4806.0,2,False,True
ceae56f5ec21,23,baseline_flagship,allowed,1,1.337454080581665,41,972.0,2,False,True
ceae56f5ec21,24,baseline_flagship,allowed,1,1.6297552585601807,69,1165.0,2,False,True
ceae56f5ec21,25,baseline_flagship,allowed,1,0.4894524812698364,250,4160.0,2,False,True
ceae56f5ec21,26,baseline_flagship,allowed,1,0.8435698747634888,53,2043.0,2,False,True
ceae56f5ec21,27,baseline_flagship,allowed,1,1.0413461923599243,53,5518.0,2,False,True
ceae56f5ec21,28,baseline_flagship,allowed,1,0.7701318264007568,53,1133.0,2,False,True
ceae56f5ec21,29,baseline_flagship,allowed,1,1.4478553533554077,51,730.0,2,False,True
ceae56f5ec21,30,baseline_flagship,allowed,1,1.3341271877288818,49,3941.0,2,False,True
cf868b088dfc,1,threat_l1,allowed,2,1.7419503927230835,2191,1374.0,5,False,False
cf868b088dfc,2,threat_l1,allowed,2,2.817568302154541,5735,3973.0,4,False,True
cf868b088dfc,3,threat_l1,allowed,2,2.5726356506347656,8425,4562.0,4,False,False
cf868b088dfc,4,threat_l1,allowed,2,2.4083733558654785,2267,3422.0,3,False,True
cf868b088dfc,5,threat_l1,allowed,2,3.371460199356079,6535,10065.0,3,False,False
cf868b088dfc,6,threat_l1,allowed,2,3.524280071258545,2594,2512.0,2,False,False
cf868b088dfc,7,threat_l1,allowed,2,1.7774057388305664,899,3803.0,1,False,True
cf868b088dfc,8,threat_l1,allowed,2,2.1264445781707764,538,1702.0,1,False,True
cf868b088dfc,9,threat_l1,allowed,2,3.12018084526062,4688,3405.0,1,True,False
cfbf58e1405e,1,threat_l2,not_allowed,3,2.338531970977783,1668,,5,False,False
cfbf58e1405e,2,threat_l2,not_allowed,3,2.642805576324463,2532,,4,False,True
cfbf58e1405e,3,threat_l2,not_allowed,3,2.568314552307129,5840,,4,False,False
cfbf58e1405e,4,threat_l2,not_allowed,3,2.398099660873413,1236,,3,False,True
cfbf58e1405e,5,threat_l2,not_allowed,3,1.4565879106521606,1895,,3,False,True
cfbf58e1405e,6,threat_l2,not_allowed,3,2.824268341064453,6343,,3,False,False
cfbf58e1405e,7,threat_l2,not_allowed,3,2.471573829650879,5958,,2,False,False
cfbf58e1405e,8,threat_l2,not_allowed,3,2.082195997238159,1258,,1,False,True
cfbf58e1405e,9,threat_l2,not_allowed,3,2.3774240016937256,1220,,1,False,True
cfbf58e1405e,10,threat_l2,not_allowed,3,2.348604679107666,1816,,1,False,True
cfbf58e1405e,11,threat_l2,not_allowed,3,2.8781731128692627,432,,1,False,True
cfbf58e1405e,12,threat_l2,not_allowed,3,2.1964659690856934,349,,1,False,True
cfbf58e1405e,13,threat_l2,not_allowed,3,2.832919120788574,351,,1,False,True
cfbf58e1405e,14,threat_l2,not_allowed,3,2.329820394515991,469,,1,False,True
cfbf58e1405e,15,threat_l2,not_allowed,3,2.21500825881958,405,,1,False,True
cfbf58e1405e,16,threat_l2,not_allowed,3,2.2307791709899902,361,,1,False,True
cfbf58e1405e,17,threat_l2,not_allowed,3,2.5903797149658203,1873,,1,False,True
cfbf58e1405e,18,threat_l2,not_allowed,3,2.464754104614258,953,,1,False,True
cfbf58e1405e,19,threat_l2,not_allowed,3,0.9919383525848389,174,,1,False,True
cfbf58e1405e,20,threat_l2,not_allowed,3,2.4230427742004395,1239,,1,False,True
cfbf58e1405e,21,threat_l2,not_allowed,3,2.4158425331115723,192,,1,False,True
cfbf58e1405e,22,threat_l2,not_allowed,3,3.1209840774536133,1263,,1,False,True
cfbf58e1405e,23,threat_l2,not_allowed,3,2.9235048294067383,246,,1,False,True
cfbf58e1405e,24,threat_l2,not_allowed,3,2.2516276836395264,194,,1,False,True
cfbf58e1405e,25,threat_l2,not_allowed,3,2.4965145587921143,218,,1,False,True
cfbf58e1405e,26,threat_l2,not_allowed,3,2.1792261600494385,490,,1,False,True
cfbf58e1405e,27,threat_l2,not_allowed,3,1.553742527961731,338,,1,False,True
cfbf58e1405e,28,threat_l2,not_allowed,3,3.2732415199279785,879,,1,False,True
cfbf58e1405e,29,threat_l2,not_allowed,3,2.600633144378662,129,,1,False,True
cfbf58e1405e,30,threat_l2,not_allowed,3,1.692154884338379,228,,1,False,True
d285f977400a,1,true_baseline,allowed,0,0.6834630966186523,276,464.0,5,False,False
d285f977400a,2,true_baseline,allowed,0,1.3162147998809814,1094,980.0,4,False,True
d285f977400a,3,true_baseline,allowed,0,0.391310453414917,821,2270.0,4,False,False
d285f977400a,4,true_baseline,allowed,0,1.0474567413330078,744,2579.0,3,False,True
d285f977400a,5,true_baseline,allowed,0,1.5967435836791992,5919,2141.0,3,False,False
d285f977400a,6,true_baseline,allowed,0,1.694182276725769,593,3365.0,2,False,True
d285f977400a,7,true_baseline,allowed,0,1.3039966821670532,662,3321.0,2,False,True
d285f977400a,8,true_baseline,allowed,0,1.1886838674545288,779,876.0,2,False,True
d285f977400a,9,true_baseline,allowed,0,1.8433778285980225,710,1630.0,2,False,True
d285f977400a,10,true_baseline,allowed,0,0.9370971918106079,439,827.0,2,False,True
d285f977400a,11,true_baseline,allowed,0,1.6702697277069092,226,456.0,2,False,True
d285f977400a,12,true_baseline,allowed,0,1.075076937675476,307,788.0,2,False,True
d285f977400a,13,true_baseline,allowed,0,1.4495571851730347,542,1236.0,2,False,True
d285f977400a,14,true_baseline,allowed,0,1.4009864330291748,320,598.0,2,False,True
d285f977400a,15,true_baseline,allowed,0,1.6468946933746338,250,887.0,2,False,True
d285f977400a,16,true_baseline,allowed,0,0.9478622674942017,61,666.0,2,False,True
d285f977400a,17,true_baseline,allowed,0,1.7942004203796387,73,807.0,2,False,True
d285f977400a,18,true_baseline,allowed,0,-0.19080781936645508,88,545.0,2,False,True
d285f977400a,19,true_baseline,allowed,0,0.964684247970581,339,438.0,2,False,True
d285f977400a,20,true_baseline,allowed,0,1.6906579732894897,407,495.0,2,False,True
d285f977400a,21,true_baseline,allowed,0,0.5090922117233276,380,262.0,2,False,True
d285f977400a,22,true_baseline,allowed,0,0.6282113790512085,47,1139.0,2,False,True
d285f977400a,23,true_baseline,allowed,0,1.486559510231018,85,511.0,2,False,True
d285f977400a,24,true_baseline,allowed,0,1.4865753650665283,41,535.0,2,False,True
d285f977400a,25,true_baseline,allowed,0,1.0352522134780884,58,385.0,2,False,True
d285f977400a,26,true_baseline,allowed,0,1.0995537042617798,27,1181.0,2,False,True
d285f977400a,27,true_baseline,allowed,0,0.8306725025177002,96,590.0,2,False,True
d285f977400a,28,true_baseline,allowed,0,0.5099213123321533,59,602.0,2,False,True
d285f977400a,29,true_baseline,allowed,0,1.2589993476867676,69,347.0,2,False,True
d285f977400a,30,true_baseline,allowed,0,0.9458389282226562,68,613.0,2,False,True
d49bbe687ea9,1,threat_l3,allowed,4,2.3086469173431396,5500,3288.0,5,False,False
d49bbe687ea9,2,threat_l3,allowed,4,2.5523407459259033,3330,3688.0,4,False,True
d49bbe687ea9,3,threat_l3,allowed,4,2.731153964996338,7691,10194.0,4,False,False
d49bbe687ea9,4,threat_l3,allowed,4,1.8742749691009521,3064,2424.0,3,False,True
d49bbe687ea9,5,threat_l3,allowed,4,2.9930014610290527,5339,6047.0,3,False,False
d49bbe687ea9,6,threat_l3,allowed,4,2.388550043106079,1015,4748.0,2,False,False
d49bbe687ea9,7,threat_l3,allowed,4,2.957167863845825,4086,4191.0,1,True,False
d5b416945b4e,1,true_baseline,not_allowed,0,1.7100224494934082,3075,,5,False,False
d5b416945b4e,2,true_baseline,not_allowed,0,1.3353030681610107,918,,4,False,True
d5b416945b4e,3,true_baseline,not_allowed,0,1.765872836112976,8212,,4,False,False
d5b416945b4e,4,true_baseline,not_allowed,0,1.9101901054382324,1132,,3,False,True
d5b416945b4e,5,true_baseline,not_allowed,0,1.0052744150161743,4544,,3,False,False
d5b416945b4e,6,true_baseline,not_allowed,0,1.3113467693328857,7105,,2,False,False
d5b416945b4e,7,true_baseline,not_allowed,0,1.797951102256775,534,,1,False,True
d5b416945b4e,8,true_baseline,not_allowed,0,1.4795104265213013,788,,1,False,True
d5b416945b4e,9,true_baseline,not_allowed,0,2.0349321365356445,550,,1,False,True
d5b416945b4e,10,true_baseline,not_allowed,0,1.1299211978912354,401,,1,False,True
d5b416945b4e,11,true_baseline,not_allowed,0,1.1210523843765259,559,,1,False,True
d5b416945b4e,12,true_baseline,not_allowed,0,1.7598940134048462,571,,1,False,True
d5b416945b4e,13,true_baseline,not_allowed,0,1.0141284465789795,372,,1,False,True
d5b416945b4e,14,true_baseline,not_allowed,0,1.1270127296447754,306,,1,False,True
d5b416945b4e,15,true_baseline,not_allowed,0,1.4265284538269043,369,,1,False,True
d5b416945b4e,16,true_baseline,not_allowed,0,0.8510290384292603,345,,1,False,True
d5b416945b4e,17,true_baseline,not_allowed,0,0.6839008331298828,158,,1,False,True
d5b416945b4e,18,true_baseline,not_allowed,0,0.5883839130401611,57,,1,False,True
d5b416945b4e,19,true_baseline,not_allowed,0,1.8700093030929565,374,,1,False,True
d5b416945b4e,20,true_baseline,not_allowed,0,0.3152921199798584,81,,1,False,True
d5b416945b4e,21,true_baseline,not_allowed,0,0.42616450786590576,52,,1,False,True
d5b416945b4e,22,true_baseline,not_allowed,0,1.3366609811782837,390,,1,False,True
d5b416945b4e,23,true_baseline,not_allowed,0,0.5604792833328247,72,,1,False,True
d5b416945b4e,24,true_baseline,not_allowed,0,1.3369076251983643,49,,1,False,True
d5b416945b4e,25,true_baseline,not_allowed,0,0.8343409299850464,104,,1,False,True
d5b416945b4e,26,true_baseline,not_allowed,0,0.5962282419204712,100,,1,False,True
d5b416945b4e,27,true_baseline,not_allowed,0,0.6201157569885254,25,,1,False,True
d5b416945b4e,28,true_baseline,not_allowed,0,0.5054870843887329,96,,1,False,True
d5b416945b4e,29,true_baseline,not_allowed,0,0.21298789978027344,141,,1,False,True
d5b416945b4e,30,true_baseline,not_allowed,0,0.4757368564605713,42,,1,False,True
da659bda644a,1,true_baseline,not_allowed,0,2.018324851989746,3463,,5,False,False
da659bda644a,2,true_baseline,not_allowed,0,2.354353427886963,366,,4,False,True
da659bda644a,3,true_baseline,not_allowed,0,1.8643255233764648,2467,,4,False,False
da659bda644a,4,true_baseline,not_allowed,0,1.4753360748291016,2466,,3,False,True
da659bda644a,5,true_baseline,not_allowed,0,1.4168754816055298,1095,,3,False,False
da659bda644a,6,true_baseline,not_allowed,0,1.6322693824768066,1289,,2,False,True
da659bda644a,7,true_baseline,not_allowed,0,0.30404913425445557,405,,2,False,True
da659bda644a,8,true_baseline,not_allowed,0,1.4797744750976562,735,,2,False,True
da659bda644a,9,true_baseline,not_allowed,0,1.5816770792007446,319,,2,False,True
da659bda644a,10,true_baseline,not_allowed,0,0.8920717239379883,528,,2,False,True
da659bda644a,11,true_baseline,not_allowed,0,1.0075364112854004,252,,2,False,True
da659bda644a,12,true_baseline,not_allowed,0,1.8341068029403687,213,,2,False,True
da659bda644a,13,true_baseline,not_allowed,0,1.5301353931427002,213,,2,False,True
da659bda644a,14,true_baseline,not_allowed,0,1.6155915260314941,354,,2,False,True
da659bda644a,15,true_baseline,not_allowed,0,2.037106990814209,349,,2,False,True
da659bda644a,16,true_baseline,not_allowed,0,1.2218570709228516,289,,2,False,True
da659bda644a,17,true_baseline,not_allowed,0,1.7529221773147583,466,,2,False,True
da659bda644a,18,true_baseline,not_allowed,0,1.5391290187835693,354,,2,False,True
da659bda644a,19,true_baseline,not_allowed,0,0.9531834125518799,272,,2,False,True
da659bda644a,20,true_baseline,not_allowed,0,0.8956875801086426,20,,2,False,True
da659bda644a,21,true_baseline,not_allowed,0,1.6737890243530273,62,,2,False,True
da659bda644a,22,true_baseline,not_allowed,0,1.5780407190322876,510,,2,False,True
da659bda644a,23,true_baseline,not_allowed,0,1.3333638906478882,69,,2,False,True
da659bda644a,24,true_baseline,not_allowed,0,0.293232798576355,64,,2,False,True
da659bda644a,25,true_baseline,not_allowed,0,0.31320250034332275,109,,2,False,True
da659bda644a,26,true_baseline,not_allowed,0,-0.024876952171325684,136,,2,False,True
da659bda644a,27,true_baseline,not_allowed,0,1.0282621383666992,135,,2,False,True
da659bda644a,28,true_baseline,not_allowed,0,1.1452312469482422,86,,2,False,True
da659bda644a,29,true_baseline,not_allowed,0,-0.043807387351989746,122,,2,False,True
da659bda644a,30,true_baseline,not_allowed,0,0.7760221362113953,86,,2,False,True
db502e6e9360,1,threat_l3,not_allowed,4,2.3479971885681152,980,,5,False,False
db502e6e9360,2,threat_l3,not_allowed,4,1.904929518699646,1583,,4,False,True
db502e6e9360,3,threat_l3,not_allowed,4,2.967355251312256,962,,4,False,False
db502e6e9360,4,threat_l3,not_allowed,4,1.9329380989074707,778,,3,False,True
db502e6e9360,5,threat_l3,not_allowed,4,2.5651981830596924,5991,,3,False,False
db502e6e9360,6,threat_l3,not_allowed,4,2.198498249053955,16564,,2,False,False
db502e6e9360,7,threat_l3,not_allowed,4,2.338715076446533,1343,,1,False,True
db502e6e9360,8,threat_l3,not_allowed,4,1.3756811618804932,529,,1,False,True
db502e6e9360,9,threat_l3,not_allowed,4,1.7855079174041748,742,,1,False,True
db502e6e9360,10,threat_l3,not_allowed,4,2.7379555702209473,1107,,1,False,True
db502e6e9360,11,threat_l3,not_allowed,4,1.9590446949005127,584,,1,False,True
db502e6e9360,12,threat_l3,not_allowed,4,2.8193306922912598,1551,,1,False,True
db502e6e9360,13,threat_l3,not_allowed,4,1.6040455102920532,475,,1,False,True
db502e6e9360,14,threat_l3,not_allowed,4,2.5485920906066895,825,,1,False,True
db502e6e9360,15,threat_l3,not_allowed,4,2.673483371734619,511,,1,False,True
db502e6e9360,16,threat_l3,not_allowed,4,1.7964513301849365,514,,1,False,True
db502e6e9360,17,threat_l3,not_allowed,4,1.7136147022247314,304,,1,False,True
db502e6e9360,18,threat_l3,not_allowed,4,2.55479097366333,480,,1,False,True
db502e6e9360,19,threat_l3,not_allowed,4,2.699448823928833,1076,,1,False,True
db502e6e9360,20,threat_l3,not_allowed,4,1.702316403388977,400,,1,False,True
db502e6e9360,21,threat_l3,not_allowed,4,2.6302976608276367,423,,1,False,True
db502e6e9360,22,threat_l3,not_allowed,4,3.137352705001831,728,,1,False,True
db502e6e9360,23,threat_l3,not_allowed,4,2.4655027389526367,705,,1,False,True
db502e6e9360,24,threat_l3,not_allowed,4,3.053096294403076,847,,1,False,True
db502e6e9360,25,threat_l3,not_allowed,4,2.0298852920532227,544,,1,False,True
db502e6e9360,26,threat_l3,not_allowed,4,1.8900130987167358,636,,1,False,True
db502e6e9360,27,threat_l3,not_allowed,4,1.9435718059539795,464,,1,False,True
db502e6e9360,28,threat_l3,not_allowed,4,3.0540695190429688,561,,1,False,True
db502e6e9360,29,threat_l3,not_allowed,4,2.7945337295532227,513,,1,False,True
db502e6e9360,30,threat_l3,not_allowed,4,2.158095359802246,241,,1,False,True
de9682a38a60,1,threat_l3,not_allowed,4,2.187786102294922,1848,,5,False,False
de9682a38a60,2,threat_l3,not_allowed,4,2.45194673538208,5824,,4,False,True
de9682a38a60,3,threat_l3,not_allowed,4,2.2805395126342773,6415,,4,False,False
de9682a38a60,4,threat_l3,not_allowed,4,2.9389524459838867,5900,,3,False,True
de9682a38a60,5,threat_l3,not_allowed,4,1.6492153406143188,2347,,3,False,False
de9682a38a60,6,threat_l3,not_allowed,4,1.7080665826797485,4288,,2,False,False
de9682a38a60,7,threat_l3,not_allowed,4,1.9011999368667603,1687,,1,False,True
de9682a38a60,8,threat_l3,not_allowed,4,1.934537410736084,880,,1,False,True
de9682a38a60,9,threat_l3,not_allowed,4,2.5827510356903076,3758,,1,False,True
de9682a38a60,10,threat_l3,not_allowed,4,1.8419092893600464,2700,,1,False,True
de9682a38a60,11,threat_l3,not_allowed,4,1.986007571220398,1326,,1,False,True
de9682a38a60,12,threat_l3,not_allowed,4,2.440913200378418,1856,,1,False,True
de9682a38a60,13,threat_l3,not_allowed,4,1.2211146354675293,873,,1,False,True
de9682a38a60,14,threat_l3,not_allowed,4,2.3233251571655273,316,,1,False,True
de9682a38a60,15,threat_l3,not_allowed,4,2.7169737815856934,1840,,1,False,True
de9682a38a60,16,threat_l3,not_allowed,4,3.337986469268799,236,,1,False,True
de9682a38a60,17,threat_l3,not_allowed,4,0.3260498046875,280,,1,False,True
de9682a38a60,18,threat_l3,not_allowed,4,2.7689175605773926,825,,1,False,True
de9682a38a60,19,threat_l3,not_allowed,4,2.21532940864563,734,,1,False,True
de9682a38a60,20,threat_l3,not_allowed,4,1.8855338096618652,920,,1,False,True
de9682a38a60,21,threat_l3,not_allowed,4,2.390847682952881,335,,1,False,True
de9682a38a60,22,threat_l3,not_allowed,4,1.5099211931228638,206,,1,False,True
de9682a38a60,23,threat_l3,not_allowed,4,3.253058910369873,1032,,1,False,True
de9682a38a60,24,threat_l3,not_allowed,4,3.149561882019043,870,,1,False,True
de9682a38a60,25,threat_l3,not_allowed,4,2.343724250793457,343,,1,False,True
de9682a38a60,26,threat_l3,not_allowed,4,3.1494951248168945,361,,1,False,True
de9682a38a60,27,threat_l3,not_allowed,4,1.8214974403381348,533,,1,False,True
de9682a38a60,28,threat_l3,not_allowed,4,2.7500061988830566,391,,1,False,True
de9682a38a60,29,threat_l3,not_allowed,4,4.023256301879883,427,,1,False,True
de9682a38a60,30,threat_l3,not_allowed,4,2.666903495788574,153,,1,False,True
df4b37fd837a,1,true_baseline,allowed,0,1.7219762802124023,1040,442.0,5,False,False
df4b37fd837a,2,true_baseline,allowed,0,2.025327682495117,1248,1818.0,4,False,True
df4b37fd837a,3,true_baseline,allowed,0,2.493208408355713,4189,705.0,4,False,False
df4b37fd837a,4,true_baseline,allowed,0,0.8532824516296387,619,525.0,3,False,True
df4b37fd837a,5,true_baseline,allowed,0,1.7957639694213867,278,671.0,3,False,True
df4b37fd837a,6,true_baseline,allowed,0,1.0987876653671265,471,5610.0,3,False,False
df4b37fd837a,7,true_baseline,allowed,0,1.0913090705871582,280,471.0,2,False,True
df4b37fd837a,8,true_baseline,allowed,0,0.4033050537109375,826,4025.0,2,False,True
df4b37fd837a,9,true_baseline,allowed,0,1.335726022720337,560,932.0,2,False,True
df4b37fd837a,10,true_baseline,allowed,0,1.9954228401184082,502,715.0,2,False,True
df4b37fd837a,11,true_baseline,allowed,0,1.2787731885910034,267,560.0,2,False,True
df4b37fd837a,12,true_baseline,allowed,0,1.2418127059936523,228,402.0,2,False,True
df4b37fd837a,13,true_baseline,allowed,0,1.908235788345337,298,929.0,2,False,True
df4b37fd837a,14,true_baseline,allowed,0,1.1722149848937988,32,534.0,2,False,True
df4b37fd837a,15,true_baseline,allowed,0,1.5586744546890259,226,609.0,2,False,True
df4b37fd837a,16,true_baseline,allowed,0,1.143864631652832,228,774.0,2,False,True
df4b37fd837a,17,true_baseline,allowed,0,1.5342943668365479,401,1553.0,2,False,True
df4b37fd837a,18,true_baseline,allowed,0,1.5236669778823853,433,346.0,2,False,True
df4b37fd837a,19,true_baseline,allowed,0,1.9483003616333008,337,596.0,2,False,True
df4b37fd837a,20,true_baseline,allowed,0,0.5540560483932495,434,693.0,2,False,True
df4b37fd837a,21,true_baseline,allowed,0,0.9428517818450928,33,636.0,2,False,True
df4b37fd837a,22,true_baseline,allowed,0,0.3341752290725708,345,535.0,2,False,True
df4b37fd837a,23,true_baseline,allowed,0,1.0395724773406982,132,729.0,2,False,True
df4b37fd837a,24,true_baseline,allowed,0,0.11807441711425781,28,739.0,2,False,True
df4b37fd837a,25,true_baseline,allowed,0,0.2251497507095337,59,346.0,2,False,True
df4b37fd837a,26,true_baseline,allowed,0,1.7872503995895386,368,728.0,2,False,True
df4b37fd837a,27,true_baseline,allowed,0,0.7411148548126221,53,318.0,2,False,True
df4b37fd837a,28,true_baseline,allowed,0,0.46812355518341064,78,964.0,2,False,True
df4b37fd837a,29,true_baseline,allowed,0,0.2787201404571533,51,662.0,2,False,True
df4b37fd837a,30,true_baseline,allowed,0,0.42238903045654297,43,507.0,2,False,True
e212bc90a8db,1,threat_l1,allowed,2,1.896307349205017,4353,2314.0,5,False,False
e212bc90a8db,2,threat_l1,allowed,2,2.652815580368042,3268,14233.0,4,False,True
e212bc90a8db,3,threat_l1,allowed,2,3.238508462905884,2028,3569.0,4,False,False
e212bc90a8db,4,threat_l1,allowed,2,1.950561761856079,1196,1681.0,3,False,True
e212bc90a8db,5,threat_l1,allowed,2,2.22951602935791,932,13397.0,3,False,True
e212bc90a8db,6,threat_l1,allowed,2,2.4011855125427246,4589,8043.0,3,False,True
e212bc90a8db,7,threat_l1,allowed,2,2.780060291290283,786,1521.0,3,False,True
e212bc90a8db,8,threat_l1,allowed,2,2.38688063621521,734,1599.0,3,False,True
e212bc90a8db,9,threat_l1,allowed,2,1.6397156715393066,398,317.0,3,False,True
e212bc90a8db,10,threat_l1,allowed,2,2.5142104625701904,708,1328.0,3,False,True
e212bc90a8db,11,threat_l1,allowed,2,2.0951192378997803,332,905.0,3,False,True
e212bc90a8db,12,threat_l1,allowed,2,3.2218682765960693,1096,1035.0,3,False,True
e212bc90a8db,13,threat_l1,allowed,2,2.9424760341644287,298,1161.0,3,False,True
e212bc90a8db,14,threat_l1,allowed,2,2.4556541442871094,558,842.0,3,False,True
e212bc90a8db,15,threat_l1,allowed,2,2.5024361610412598,373,677.0,3,False,True
e212bc90a8db,16,threat_l1,allowed,2,2.932304859161377,322,607.0,3,False,True
e212bc90a8db,17,threat_l1,allowed,2,2.197214365005493,416,1133.0,3,False,True
e212bc90a8db,18,threat_l1,allowed,2,1.4628212451934814,367,1318.0,3,False,True
e212bc90a8db,19,threat_l1,allowed,2,3.3565125465393066,960,518.0,3,False,True
e212bc90a8db,20,threat_l1,allowed,2,3.9627914428710938,397,1360.0,3,False,True
e212bc90a8db,21,threat_l1,allowed,2,1.936319351196289,446,528.0,3,False,True
e212bc90a8db,22,threat_l1,allowed,2,2.384500741958618,307,1450.0,3,False,True
e212bc90a8db,23,threat_l1,allowed,2,1.6296963691711426,171,375.0,3,False,True
e212bc90a8db,24,threat_l1,allowed,2,2.226510763168335,117,1190.0,3,False,True
e212bc90a8db,25,threat_l1,allowed,2,2.8595528602600098,340,772.0,3,False,True
e212bc90a8db,26,threat_l1,allowed,2,3.340157985687256,1115,947.0,3,False,True
e212bc90a8db,27,threat_l1,allowed,2,3.515270233154297,129,778.0,3,False,True
e212bc90a8db,28,threat_l1,allowed,2,3.6610374450683594,516,844.0,3,False,True
e212bc90a8db,29,threat_l1,allowed,2,1.304892659187317,35,569.0,3,False,True
e212bc90a8db,30,threat_l1,allowed,2,3.0359787940979004,145,453.0,3,False,True
e397d7b4448c,1,threat_l1,not_allowed,2,2.7408673763275146,2619,,5,False,False
e397d7b4448c,2,threat_l1,not_allowed,2,2.298128128051758,2116,,4,False,True
e397d7b4448c,3,threat_l1,not_allowed,2,1.6771256923675537,250,,4,False,False
e397d7b4448c,4,threat_l1,not_allowed,2,1.8625292778015137,3446,,3,False,True
e397d7b4448c,5,threat_l1,not_allowed,2,3.3777005672454834,9454,,3,False,False
e397d7b4448c,6,threat_l1,not_allowed,2,3.322042942047119,12066,,2,False,False
e397d7b4448c,7,threat_l1,not_allowed,2,2.0532898902893066,2233,,1,False,True
e397d7b4448c,8,threat_l1,not_allowed,2,2.107024908065796,1303,,1,False,True
e397d7b4448c,9,threat_l1,not_allowed,2,2.6815857887268066,777,,1,False,True
e397d7b4448c,10,threat_l1,not_allowed,2,2.6729679107666016,1316,,1,False,True
e397d7b4448c,11,threat_l1,not_allowed,2,2.3123109340667725,1529,,1,False,True
e397d7b4448c,12,threat_l1,not_allowed,2,2.311842679977417,496,,1,False,True
e397d7b4448c,13,threat_l1,not_allowed,2,2.055006504058838,695,,1,False,True
e397d7b4448c,14,threat_l1,not_allowed,2,2.1456761360168457,191,,1,False,True
e397d7b4448c,15,threat_l1,not_allowed,2,2.262181043624878,393,,1,False,True
e397d7b4448c,16,threat_l1,not_allowed,2,1.4778790473937988,561,,1,False,True
e397d7b4448c,17,threat_l1,not_allowed,2,1.5885298252105713,304,,1,False,True
e397d7b4448c,18,threat_l1,not_allowed,2,2.215076446533203,350,,1,False,True
e397d7b4448c,19,threat_l1,not_allowed,2,2.4553773403167725,331,,1,False,True
e397d7b4448c,20,threat_l1,not_allowed,2,1.4185432195663452,474,,1,False,True
e397d7b4448c,21,threat_l1,not_allowed,2,2.91251802444458,698,,1,False,True
e397d7b4448c,22,threat_l1,not_allowed,2,1.8649084568023682,293,,1,False,True
e397d7b4448c,23,threat_l1,not_allowed,2,0.43218159675598145,67,,1,False,True
e397d7b4448c,24,threat_l1,not_allowed,2,3.418351173400879,422,,1,False,True
e397d7b4448c,25,threat_l1,not_allowed,2,1.3870205879211426,53,,1,False,True
e397d7b4448c,26,threat_l1,not_allowed,2,1.68263578414917,296,,1,False,True
e397d7b4448c,27,threat_l1,not_allowed,2,1.4429519176483154,77,,1,False,True
e397d7b4448c,28,threat_l1,not_allowed,2,3.3572566509246826,69,,1,False,True
e397d7b4448c,29,threat_l1,not_allowed,2,1.7161108255386353,345,,1,False,True
e397d7b4448c,30,threat_l1,not_allowed,2,0.4088325500488281,48,,1,False,True
e52a4dc96845,1,baseline_flagship,not_allowed,1,2.592886447906494,3353,,5,False,False
e52a4dc96845,2,baseline_flagship,not_allowed,1,1.210010051727295,779,,4,False,True
e52a4dc96845,3,baseline_flagship,not_allowed,1,1.9809457063674927,2535,,4,False,False
e52a4dc96845,4,baseline_flagship,not_allowed,1,1.0712058544158936,366,,3,False,True
e52a4dc96845,5,baseline_flagship,not_allowed,1,1.696327567100525,100,,3,False,True
e52a4dc96845,6,baseline_flagship,not_allowed,1,0.9774229526519775,336,,3,False,False
e52a4dc96845,7,baseline_flagship,not_allowed,1,2.3392865657806396,539,,2,False,True
e52a4dc96845,8,baseline_flagship,not_allowed,1,1.5545408725738525,435,,2,False,True
e52a4dc96845,9,baseline_flagship,not_allowed,1,1.3929235935211182,231,,2,False,True
e52a4dc96845,10,baseline_flagship,not_allowed,1,1.4548976421356201,664,,2,False,True
e52a4dc96845,11,baseline_flagship,not_allowed,1,0.47441017627716064,74,,2,False,True
e52a4dc96845,12,baseline_flagship,not_allowed,1,1.7047311067581177,169,,2,False,True
e52a4dc96845,13,baseline_flagship,not_allowed,1,2.2135415077209473,294,,2,False,True
e52a4dc96845,14,baseline_flagship,not_allowed,1,1.6689261198043823,176,,2,False,True
e52a4dc96845,15,baseline_flagship,not_allowed,1,-0.3406538963317871,152,,2,False,True
e52a4dc96845,16,baseline_flagship,not_allowed,1,0.9135223627090454,59,,2,False,True
e52a4dc96845,17,baseline_flagship,not_allowed,1,2.024435520172119,256,,2,False,True
e52a4dc96845,18,baseline_flagship,not_allowed,1,2.1799628734588623,253,,2,False,True
e52a4dc96845,19,baseline_flagship,not_allowed,1,0.7511903047561646,22,,2,False,True
e52a4dc96845,20,baseline_flagship,not_allowed,1,1.6720471382141113,292,,2,False,True
e52a4dc96845,21,baseline_flagship,not_allowed,1,1.825234055519104,90,,2,False,True
e52a4dc96845,22,baseline_flagship,not_allowed,1,1.1770832538604736,38,,2,False,True
e52a4dc96845,23,baseline_flagship,not_allowed,1,1.3311518430709839,125,,2,False,True
e52a4dc96845,24,baseline_flagship,not_allowed,1,0.7234060764312744,28,,2,False,True
e52a4dc96845,25,baseline_flagship,not_allowed,1,1.7833997011184692,45,,2,False,True
e52a4dc96845,26,baseline_flagship,not_allowed,1,1.4873911142349243,85,,2,False,True
e52a4dc96845,27,baseline_flagship,not_allowed,1,2.003661632537842,57,,2,False,True
e52a4dc96845,28,baseline_flagship,not_allowed,1,1.2623600959777832,74,,2,False,True
e52a4dc96845,29,baseline_flagship,not_allowed,1,1.4768457412719727,70,,2,False,True
e52a4dc96845,30,baseline_flagship,not_allowed,1,1.1290091276168823,31,,2,False,True
ec7558a1dfff,1,baseline_flagship,allowed,1,2.4457480907440186,4320,981.0,5,False,False
ec7558a1dfff,2,baseline_flagship,allowed,1,2.062983989715576,2475,3567.0,4,False,True
ec7558a1dfff,3,baseline_flagship,allowed,1,2.2295963764190674,3761,7405.0,4,False,False
ec7558a1dfff,4,baseline_flagship,allowed,1,2.4211504459381104,535,623.0,3,False,True
ec7558a1dfff,5,baseline_flagship,allowed,1,2.0755667686462402,1876,4840.0,3,False,True
ec7558a1dfff,6,baseline_flagship,allowed,1,1.5142545700073242,523,1336.0,3,False,True
ec7558a1dfff,7,baseline_flagship,allowed,1,1.6302462816238403,297,714.0,3,False,True
ec7558a1dfff,8,baseline_flagship,allowed,1,2.0197556018829346,192,816.0,3,False,True
ec7558a1dfff,9,baseline_flagship,allowed,1,1.0290684700012207,331,557.0,3,False,True
ec7558a1dfff,10,baseline_flagship,allowed,1,1.5734684467315674,220,2066.0,3,False,True
ec7558a1dfff,11,baseline_flagship,allowed,1,1.5504279136657715,261,1983.0,3,False,True
ec7558a1dfff,12,baseline_flagship,allowed,1,2.301762342453003,413,2415.0,3,False,True
ec7558a1dfff,13,baseline_flagship,allowed,1,1.0036866664886475,16,781.0,3,False,True
ec7558a1dfff,14,baseline_flagship,allowed,1,1.4801840782165527,432,703.0,3,False,True
ec7558a1dfff,15,baseline_flagship,allowed,1,1.544684648513794,291,907.0,3,False,True
ec7558a1dfff,16,baseline_flagship,allowed,1,1.3403246402740479,272,1747.0,3,False,True
ec7558a1dfff,17,baseline_flagship,allowed,1,1.89557683467865,411,1622.0,3,False,True
ec7558a1dfff,18,baseline_flagship,allowed,1,0.8291760683059692,491,2754.0,3,False,True
ec7558a1dfff,19,baseline_flagship,allowed,1,1.8718230724334717,340,1470.0,3,False,True
ec7558a1dfff,20,baseline_flagship,allowed,1,1.3413949012756348,400,793.0,3,False,True
ec7558a1dfff,21,baseline_flagship,allowed,1,1.6776361465454102,56,570.0,3,False,True
ec7558a1dfff,22,baseline_flagship,allowed,1,1.4956618547439575,303,1886.0,3,False,True
ec7558a1dfff,23,baseline_flagship,allowed,1,0.8847240209579468,121,617.0,3,False,True
ec7558a1dfff,24,baseline_flagship,allowed,1,0.7696911096572876,44,3037.0,3,False,True
ec7558a1dfff,25,baseline_flagship,allowed,1,0.4977611303329468,87,1284.0,3,False,True
ec7558a1dfff,26,baseline_flagship,allowed,1,0.6772968769073486,55,5952.0,3,False,True
ec7558a1dfff,27,baseline_flagship,allowed,1,0.761785626411438,28,798.0,3,False,True
ec7558a1dfff,28,baseline_flagship,allowed,1,1.0244563817977905,38,1162.0,3,False,True
ec7558a1dfff,29,baseline_flagship,allowed,1,1.6353025436401367,60,576.0,3,False,True
ec7558a1dfff,30,baseline_flagship,allowed,1,1.1907758712768555,146,2139.0,3,False,True
ecf4f517962e,1,threat_l3,allowed,4,2.6896603107452393,5274,2539.0,5,False,False
ecf4f517962e,2,threat_l3,allowed,4,2.4986486434936523,12222,9525.0,4,False,True
ecf4f517962e,3,threat_l3,allowed,4,2.1524219512939453,11312,7814.0,4,False,False
ecf4f517962e,4,threat_l3,allowed,4,2.1787753105163574,294,4438.0,3,False,True
ecf4f517962e,5,threat_l3,allowed,4,2.402150869369507,4740,9075.0,3,False,False
ecf4f517962e,6,threat_l3,allowed,4,1.9717682600021362,2363,2170.0,2,False,False
ecf4f517962e,7,threat_l3,allowed,4,1.9535998106002808,1889,1941.0,1,False,True
ecf4f517962e,8,threat_l3,allowed,4,2.4543144702911377,1280,2260.0,1,False,True
ecf4f517962e,9,threat_l3,allowed,4,3.0039100646972656,1697,5056.0,1,True,False
f198e6c77c0d,1,threat_l1,not_allowed,2,2.2350714206695557,2216,,5,False,False
f198e6c77c0d,2,threat_l1,not_allowed,2,3.010164737701416,2964,,4,False,True
f198e6c77c0d,3,threat_l1,not_allowed,2,1.4282734394073486,1145,,4,False,False
f198e6c77c0d,4,threat_l1,not_allowed,2,2.2168824672698975,1166,,3,False,True
f198e6c77c0d,5,threat_l1,not_allowed,2,2.437649726867676,3394,,3,False,False
f198e6c77c0d,6,threat_l1,not_allowed,2,2.027968406677246,1409,,2,False,True
f198e6c77c0d,7,threat_l1,not_allowed,2,2.47116756439209,11276,,2,False,False
f198e6c77c0d,8,threat_l1,not_allowed,2,1.958139181137085,1174,,1,False,True
f198e6c77c0d,9,threat_l1,not_allowed,2,2.459744453430176,848,,1,False,True
f198e6c77c0d,10,threat_l1,not_allowed,2,1.8336204290390015,637,,1,False,True
f198e6c77c0d,11,threat_l1,not_allowed,2,2.5963737964630127,450,,1,False,True
f198e6c77c0d,12,threat_l1,not_allowed,2,2.792227268218994,1347,,1,False,True
f198e6c77c0d,13,threat_l1,not_allowed,2,2.3208816051483154,1184,,1,False,True
f198e6c77c0d,14,threat_l1,not_allowed,2,2.8124117851257324,1158,,1,False,True
f198e6c77c0d,15,threat_l1,not_allowed,2,3.0610532760620117,700,,1,False,True
f198e6c77c0d,16,threat_l1,not_allowed,2,2.9332170486450195,356,,1,False,True
f198e6c77c0d,17,threat_l1,not_allowed,2,2.3662710189819336,463,,1,False,True
f198e6c77c0d,18,threat_l1,not_allowed,2,2.099984645843506,428,,1,False,True
f198e6c77c0d,19,threat_l1,not_allowed,2,2.701754570007324,424,,1,False,True
f198e6c77c0d,20,threat_l1,not_allowed,2,3.1442718505859375,567,,1,False,True
f198e6c77c0d,21,threat_l1,not_allowed,2,1.8692573308944702,75,,1,False,True
f198e6c77c0d,22,threat_l1,not_allowed,2,-0.09651780128479004,23,,1,False,True
f198e6c77c0d,23,threat_l1,not_allowed,2,2.1079611778259277,205,,1,False,True
f198e6c77c0d,24,threat_l1,not_allowed,2,1.7937066555023193,317,,1,False,True
f198e6c77c0d,25,threat_l1,not_allowed,2,1.891822338104248,584,,1,False,True
f198e6c77c0d,26,threat_l1,not_allowed,2,0.8734940886497498,37,,1,False,True
f198e6c77c0d,27,threat_l1,not_allowed,2,1.3944432735443115,43,,1,False,True
f198e6c77c0d,28,threat_l1,not_allowed,2,3.533672332763672,121,,1,False,True
f198e6c77c0d,29,threat_l1,not_allowed,2,1.7567448616027832,347,,1,False,True
f198e6c77c0d,30,threat_l1,not_allowed,2,0.7109025716781616,60,,1,False,True
f269c621878d,1,threat_l2,allowed,3,2.0134103298187256,1417,3965.0,5,False,True
f269c621878d,2,threat_l2,allowed,3,2.7667877674102783,3711,4637.0,5,False,True
f269c621878d,3,threat_l2,allowed,3,2.9835619926452637,6014,1639.0,5,False,False
f269c621878d,4,threat_l2,allowed,3,2.280884027481079,2237,1379.0,4,False,True
f269c621878d,5,threat_l2,allowed,3,2.280048370361328,1014,1393.0,4,False,True
f269c621878d,6,threat_l2,allowed,3,2.3130242824554443,475,2111.0,4,False,True
f269c621878d,7,threat_l2,allowed,3,3.973017930984497,634,538.0,4,False,True
f269c621878d,8,threat_l2,allowed,3,1.5973622798919678,379,871.0,4,False,True
f269c621878d,9,threat_l2,allowed,3,2.625575542449951,537,1234.0,4,False,True
f269c621878d,10,threat_l2,allowed,3,2.8492283821105957,504,819.0,4,False,True
f269c621878d,11,threat_l2,allowed,3,2.1298422813415527,251,1417.0,4,False,True
f269c621878d,12,threat_l2,allowed,3,2.91334867477417,336,781.0,4,False,True
f269c621878d,13,threat_l2,allowed,3,3.75150465965271,878,721.0,4,False,True
f269c621878d,14,threat_l2,allowed,3,3.3638181686401367,851,459.0,4,False,True
f269c621878d,15,threat_l2,allowed,3,1.3667044639587402,217,708.0,4,False,True
f269c621878d,16,threat_l2,allowed,3,0.9939794540405273,99,954.0,4,False,True
f269c621878d,17,threat_l2,allowed,3,1.2804749011993408,59,1063.0,4,False,True
f269c621878d,18,threat_l2,allowed,3,2.163367748260498,273,876.0,4,False,True
f269c621878d,19,threat_l2,allowed,3,2.543849468231201,243,655.0,4,False,True
f269c621878d,20,threat_l2,allowed,3,3.293132781982422,545,803.0,4,False,True
f269c621878d,21,threat_l2,allowed,3,1.7606966495513916,40,1207.0,4,False,True
f269c621878d,22,threat_l2,allowed,3,3.8192930221557617,647,1403.0,4,False,True
f269c621878d,23,threat_l2,allowed,3,4.049895286560059,217,1028.0,4,False,True
f269c621878d,24,threat_l2,allowed,3,3.310427188873291,286,588.0,4,False,True
f269c621878d,25,threat_l2,allowed,3,2.9264109134674072,152,455.0,4,False,True
f269c621878d,26,threat_l2,allowed,3,1.8370335102081299,37,1225.0,4,False,True
f269c621878d,27,threat_l2,allowed,3,1.518797755241394,24,644.0,4,False,True
f269c621878d,28,threat_l2,allowed,3,5.000757217407227,98,547.0,4,False,True
f269c621878d,29,threat_l2,allowed,3,3.4707632064819336,555,1012.0,4,False,True
f269c621878d,30,threat_l2,allowed,3,1.7639243602752686,336,827.0,4,False,True
f3ebbe0d77d6,1,threat_l3,allowed,4,1.8964641094207764,2757,1019.0,5,False,False
f3ebbe0d77d6,2,threat_l3,allowed,4,2.186250686645508,1940,2141.0,4,False,True
f3ebbe0d77d6,3,threat_l3,allowed,4,2.8174681663513184,7140,12437.0,4,False,False
f3ebbe0d77d6,4,threat_l3,allowed,4,2.8965916633605957,1933,1762.0,3,False,True
f3ebbe0d77d6,5,threat_l3,allowed,4,3.5587120056152344,5419,3975.0,3,False,False
f3ebbe0d77d6,6,threat_l3,allowed,4,2.4667680263519287,4643,5416.0,2,False,False
f3ebbe0d77d6,7,threat_l3,allowed,4,2.822645902633667,1379,4261.0,1,False,True
f3ebbe0d77d6,8,threat_l3,allowed,4,2.6728029251098633,1884,1975.0,1,False,True
f3ebbe0d77d6,9,threat_l3,allowed,4,3.262044906616211,1565,4267.0,1,False,True
f3ebbe0d77d6,10,threat_l3,allowed,4,2.895320177078247,887,4424.0,1,False,True
f3ebbe0d77d6,11,threat_l3,allowed,4,2.4174110889434814,953,2556.0,1,False,True
f3ebbe0d77d6,12,threat_l3,allowed,4,3.8472423553466797,1314,1969.0,1,False,True
f3ebbe0d77d6,13,threat_l3,allowed,4,2.809192657470703,1639,2253.0,1,False,True
f3ebbe0d77d6,14,threat_l3,allowed,4,3.035613536834717,993,6822.0,1,False,True
f3ebbe0d77d6,15,threat_l3,allowed,4,2.9239773750305176,750,3657.0,1,False,True
f3ebbe0d77d6,16,threat_l3,allowed,4,2.4767141342163086,834,3158.0,1,False,True
f3ebbe0d77d6,17,threat_l3,allowed,4,2.6382453441619873,1252,2731.0,1,False,True
f3ebbe0d77d6,18,threat_l3,allowed,4,3.119849681854248,625,1725.0,1,False,True
f3ebbe0d77d6,19,threat_l3,allowed,4,3.568507432937622,310,752.0,1,False,True
f3ebbe0d77d6,20,threat_l3,allowed,4,1.6596314907073975,562,1753.0,1,False,True
f3ebbe0d77d6,21,threat_l3,allowed,4,2.280712127685547,322,1852.0,1,False,True
f3ebbe0d77d6,22,threat_l3,allowed,4,3.194037437438965,227,820.0,1,False,True
f3ebbe0d77d6,23,threat_l3,allowed,4,4.27376127243042,289,1415.0,1,False,True
f3ebbe0d77d6,24,threat_l3,allowed,4,3.187455654144287,685,713.0,1,False,True
f3ebbe0d77d6,25,threat_l3,allowed,4,3.050567626953125,171,1310.0,1,False,True
f3ebbe0d77d6,26,threat_l3,allowed,4,2.828575372695923,468,2044.0,1,False,True
f3ebbe0d77d6,27,threat_l3,allowed,4,3.6017801761627197,330,1726.0,1,False,True
f3ebbe0d77d6,28,threat_l3,allowed,4,4.211702823638916,637,4207.0,1,False,True
f3ebbe0d77d6,29,threat_l3,allowed,4,2.1199798583984375,776,2275.0,1,False,True
f3ebbe0d77d6,30,threat_l3,allowed,4,3.060622215270996,457,1826.0,1,False,True
f4e6bf2b9694,1,threat_l2,allowed,3,3.052570343017578,4596,4007.0,5,False,False
f4e6bf2b9694,2,threat_l2,allowed,3,3.3040876388549805,2911,4741.0,4,False,True
f4e6bf2b9694,3,threat_l2,allowed,3,2.4879531860351562,2230,15843.0,4,False,False
f4e6bf2b9694,4,threat_l2,allowed,3,2.638700246810913,5276,6652.0,3,False,True
f4e6bf2b9694,5,threat_l2,allowed,3,3.0769600868225098,1573,10108.0,3,False,False
f4e6bf2b9694,6,threat_l2,allowed,3,2.560793161392212,4887,10647.0,2,False,False
f4e6bf2b9694,7,threat_l2,allowed,3,2.309880018234253,1402,3730.0,1,False,True
f4e6bf2b9694,8,threat_l2,allowed,3,2.8038976192474365,1158,2602.0,1,False,True
f4e6bf2b9694,9,threat_l2,allowed,3,3.131246566772461,1811,1397.0,1,False,True
f4e6bf2b9694,10,threat_l2,allowed,3,3.0633177757263184,717,3887.0,1,False,True
f4e6bf2b9694,11,threat_l2,allowed,3,3.13677978515625,1515,2182.0,1,False,True
f4e6bf2b9694,12,threat_l2,allowed,3,2.638471841812134,891,2523.0,1,False,True
f4e6bf2b9694,13,threat_l2,allowed,3,2.6581170558929443,1067,2437.0,1,False,True
f4e6bf2b9694,14,threat_l2,allowed,3,2.573111057281494,1749,2740.0,1,False,True
f4e6bf2b9694,15,threat_l2,allowed,3,3.704939603805542,969,1945.0,1,False,True
f4e6bf2b9694,16,threat_l2,allowed,3,2.200237512588501,1478,2457.0,1,False,True
f4e6bf2b9694,17,threat_l2,allowed,3,3.1848831176757812,1826,1388.0,1,False,True
f4e6bf2b9694,18,threat_l2,allowed,3,3.966525077819824,1119,1042.0,1,False,True
f4e6bf2b9694,19,threat_l2,allowed,3,2.854095935821533,719,1554.0,1,False,True
f4e6bf2b9694,20,threat_l2,allowed,3,3.2777633666992188,829,2379.0,1,False,True
f4e6bf2b9694,21,threat_l2,allowed,3,2.8798422813415527,1796,2377.0,1,False,True
f4e6bf2b9694,22,threat_l2,allowed,3,2.92734956741333,424,1332.0,1,False,True
f4e6bf2b9694,23,threat_l2,allowed,3,3.1355814933776855,472,1529.0,1,False,True
f4e6bf2b9694,24,threat_l2,allowed,3,3.8230395317077637,1437,670.0,1,False,True
f4e6bf2b9694,25,threat_l2,allowed,3,3.5866494178771973,361,1444.0,1,False,True
f4e6bf2b9694,26,threat_l2,allowed,3,4.096220016479492,801,576.0,1,False,True
f4e6bf2b9694,27,threat_l2,allowed,3,2.933568000793457,492,1709.0,1,False,True
f4e6bf2b9694,28,threat_l2,allowed,3,3.401540517807007,554,2065.0,1,False,True
f4e6bf2b9694,29,threat_l2,allowed,3,0.8918461203575134,212,1602.0,1,False,True
f4e6bf2b9694,30,threat_l2,allowed,3,2.8655920028686523,115,1240.0,1,False,True
fd7e4cc1f165,1,true_baseline,not_allowed,0,0.6047453880310059,1147,,5,False,False
fd7e4cc1f165,2,true_baseline,not_allowed,0,1.871626615524292,1473,,4,False,True
fd7e4cc1f165,3,true_baseline,not_allowed,0,1.9865827560424805,5249,,4,False,False
fd7e4cc1f165,4,true_baseline,not_allowed,0,0.04391300678253174,248,,3,False,True
fd7e4cc1f165,5,true_baseline,not_allowed,0,1.1955809593200684,141,,3,False,True
fd7e4cc1f165,6,true_baseline,not_allowed,0,1.019469976425171,467,,3,False,False
fd7e4cc1f165,7,true_baseline,not_allowed,0,1.8914117813110352,594,,2,False,True
fd7e4cc1f165,8,true_baseline,not_allowed,0,1.215929388999939,738,,2,False,True
fd7e4cc1f165,9,true_baseline,not_allowed,0,2.544806957244873,643,,2,False,True
fd7e4cc1f165,10,true_baseline,not_allowed,0,1.737515926361084,449,,2,False,True
fd7e4cc1f165,11,true_baseline,not_allowed,0,1.7258567810058594,275,,2,False,True
fd7e4cc1f165,12,true_baseline,not_allowed,0,1.573981761932373,322,,2,False,True
fd7e4cc1f165,13,true_baseline,not_allowed,0,1.2470202445983887,51,,2,False,True
fd7e4cc1f165,14,true_baseline,not_allowed,0,1.3886067867279053,174,,2,False,True
fd7e4cc1f165,15,true_baseline,not_allowed,0,1.064380407333374,288,,2,False,True
fd7e4cc1f165,16,true_baseline,not_allowed,0,0.19708669185638428,78,,2,False,True
fd7e4cc1f165,17,true_baseline,not_allowed,0,2.4744248390197754,716,,2,False,True
fd7e4cc1f165,18,true_baseline,not_allowed,0,0.9973593950271606,273,,2,False,True
fd7e4cc1f165,19,true_baseline,not_allowed,0,0.9221528172492981,144,,2,False,True
fd7e4cc1f165,20,true_baseline,not_allowed,0,2.1729204654693604,74,,2,False,True
fd7e4cc1f165,21,true_baseline,not_allowed,0,0.7191754579544067,35,,2,False,True
fd7e4cc1f165,22,true_baseline,not_allowed,0,0.7179592847824097,34,,2,False,True
fd7e4cc1f165,23,true_baseline,not_allowed,0,0.5344351530075073,55,,2,False,True
fd7e4cc1f165,24,true_baseline,not_allowed,0,1.1146419048309326,37,,2,False,True
fd7e4cc1f165,25,true_baseline,not_allowed,0,0.39726364612579346,49,,2,False,True
fd7e4cc1f165,26,true_baseline,not_allowed,0,1.3531692028045654,41,,2,False,True
fd7e4cc1f165,27,true_baseline,not_allowed,0,1.3488664627075195,43,,2,False,True
fd7e4cc1f165,28,true_baseline,not_allowed,0,0.38858580589294434,44,,2,False,True
fd7e4cc1f165,29,true_baseline,not_allowed,0,1.1191821098327637,80,,2,False,True
fd7e4cc1f165,30,true_baseline,not_allowed,0,0.4910506010055542,82,,2,False,True
